order_id,order_date,customer_id,product,quantity,unit_price
O10001,2025-01-01,C1089,Leggings - Black,2,24.59
O10002,2025-01-01,C1284,Water Bottle 32oz,1,57.87
O10002,2025-01-01,C1284,Yoga Strap,1,27.43
O10002,2025-01-01,C1284,Sports Bra,1,69.88
O10003,2025-01-01,C1031,Water Bottle 32oz,2,57.87
O10003,2025-01-01,C1031,Resistance Bands Set,1,28.15
O10003,2025-01-01,C1031,Massage Ball,1,47.52
O10004,2025-01-01,C1330,Protein Powder - Vanilla,1,42.00
O10005,2025-01-01,C1038,Yoga Block (pair),1,61.78
O10006,2025-01-01,C1330,Resistance Bands Set,1,28.15
O10006,2025-01-01,C1330,Workout Towel,2,92.17
O10007,2025-01-01,C1025,Protein Powder - Vanilla,1,42.00
O10008,2025-01-01,C1370,Yoga Mat - Cork,1,78.00
O10009,2025-01-01,C1218,Massage Ball,2,47.52
O10010,2025-01-01,C1140,Resistance Bands Set,1,28.15
O10011,2025-01-01,C1317,Pre-Workout,1,22.30
O10011,2025-01-01,C1317,Gym Bag - Black,2,31.61
O10012,2025-01-01,C1245,Workout Towel,1,92.17
O10013,2025-01-01,C1214,Wireless Earbuds,1,64.99
O10014,2025-01-01,C1278,Leggings - Black,1,24.59
O10014,2025-01-01,C1278,Tank Top - Heather,1,36.20
O10014,2025-01-01,C1278,Tank Top - Black,1,39.66
O10015,2025-01-01,C1138,Tank Top - Black,1,39.66
O10016,2025-01-01,C1015,Kettlebell 20lb,1,69.17
O10016,2025-01-01,C1015,Workout Towel,1,92.17
O10016,2025-01-01,C1015,Yoga Mat - Standard,3,32.00
O10016,2025-01-01,C1015,Headband Set,3,81.11
O10017,2025-01-02,C1126,Workout Towel,2,92.17
O10017,2025-01-02,C1126,Phone Armband,2,18.23
O10018,2025-01-02,C1028,Water Bottle 32oz,1,57.87
O10018,2025-01-02,C1028,Protein Powder - Vanilla,2,42.00
O10018,2025-01-02,C1028,Leggings - Black,2,24.59
O10019,2025-01-02,C1090,Tank Top - Black,2,39.66
O10020,2025-01-02,C1357,Protein Powder - Vanilla,1,42.00
O10021,2025-01-02,C1358,Protein Powder - Vanilla,1,42.00
O10022,2025-01-02,C1288,Headband Set,1,81.11
O10022,2025-01-02,C1288,Phone Armband,1,18.23
O10022,2025-01-02,C1288,Gym Bag - Black,1,31.61
O10022,2025-01-02,C1288,Foam Roller,1,52.28
O10023,2025-01-02,C1269,Tank Top - Black,1,39.66
O10023,2025-01-02,C1269,Protein Powder - Chocolate,1,42.00
O10024,2025-01-02,C1367,Tank Top - Black,1,39.66
O10025,2025-01-02,C1075,Resistance Bands Set,2,28.15
O10025,2025-01-02,C1075,Wireless Earbuds,3,64.99
O10026,2025-01-02,C1191,BCAA Powder,1,34.86
O10026,2025-01-02,C1191,Leggings - Black,1,24.59
O10026,2025-01-02,C1191,Protein Powder - Vanilla,1,42.00
O10027,2025-01-02,C1080,Leggings - Olive,1,27.61
O10027,2025-01-02,C1080,Headband Set,1,81.11
O10027,2025-01-02,C1080,Foam Roller,2,52.28
O10028,2025-01-03,C1114,Foam Roller,1,52.28
O10028,2025-01-03,C1114,Leggings - Black,1,24.59
O10029,2025-01-03,C1065,Yoga Mat - Cork,2,78.00
O10030,2025-01-03,C1293,Kettlebell 20lb,3,69.17
O10031,2025-01-03,C1016,Tank Top - Black,2,39.66
O10032,2025-01-03,C1313,Protein Powder - Vanilla,1,42.00
O10033,2025-01-03,C1254,Adjustable Dumbbells,1,189.00
O10034,2025-01-03,C1177,Foam Roller,1,52.28
O10034,2025-01-03,C1177,Pre-Workout,2,22.30
O10034,2025-01-03,C1177,Yoga Block (pair),1,61.78
O10034,2025-01-03,C1177,Recovery Drink Mix,1,43.46
O10034,2025-01-03,C1177,BCAA Powder,1,34.86
O10035,2025-01-03,C1034,Yoga Strap,1,27.43
O10036,2025-01-03,C1024,Adjustable Dumbbells,1,189.00
O10037,2025-01-03,C1085,Headband Set,1,81.11
O10037,2025-01-03,C1085,Leggings - Black,2,24.59
O10037,2025-01-03,C1085,Tank Top - Heather,1,36.20
O10037,2025-01-03,C1085,Phone Armband,1,18.23
O10038,2025-01-03,C1388,Foam Roller,1,52.28
O10038,2025-01-03,C1388,Sports Bra,2,69.88
O10039,2025-01-03,C1150,Workout Towel,3,92.17
O10040,2025-01-03,C1037,Leggings - Black,1,24.59
O10041,2025-01-03,C1038,Yoga Block (pair),1,61.78
O10041,2025-01-03,C1038,Tank Top - Black,1,39.66
O10042,2025-01-03,C1247,Leggings - Olive,1,27.61
O10042,2025-01-03,C1247,Foam Roller,1,52.28
O10043,2025-01-03,C1105,Leggings - Olive,1,27.61
O10043,2025-01-03,C1105,Adjustable Dumbbells,1,189.00
O10043,2025-01-03,C1105,Phone Armband,2,18.23
O10043,2025-01-03,C1105,Tank Top - Heather,1,36.20
O10043,2025-01-03,C1105,Sports Bra,1,69.88
O10044,2025-01-03,C1218,BCAA Powder,1,34.86
O10045,2025-01-03,C1245,Yoga Mat - Cork,1,78.00
O10046,2025-01-03,C1326,Yoga Block (pair),1,61.78
O10047,2025-01-04,C1157,Headband Set,1,81.11
O10047,2025-01-04,C1157,BCAA Powder,1,34.86
O10048,2025-01-04,C1198,Leggings - Black,1,24.59
O10049,2025-01-04,C1228,Sports Bra,1,69.88
O10050,2025-01-04,C1115,Protein Powder - Vanilla,1,42.00
O10050,2025-01-04,C1115,Recovery Drink Mix,2,43.46
O10050,2025-01-04,C1115,Yoga Block (pair),1,61.78
O10051,2025-01-04,C1387,Phone Armband,2,18.23
O10051,2025-01-04,C1387,Yoga Mat - Standard,2,32.00
O10052,2025-01-04,C1214,BCAA Powder,1,34.86
O10052,2025-01-04,C1214,Headband Set,1,81.11
O10052,2025-01-04,C1214,Protein Powder - Vanilla,2,42.00
O10052,2025-01-04,C1214,Water Bottle 32oz,1,57.87
O10053,2025-01-04,C1292,Protein Powder - Vanilla,3,42.00
O10053,2025-01-04,C1292,Protein Powder - Chocolate,2,42.00
O10053,2025-01-04,C1292,BCAA Powder,1,34.86
O10053,2025-01-04,C1292,Pre-Workout,1,22.30
O10054,2025-01-04,C1349,Pre-Workout,2,22.30
O10054,2025-01-04,C1349,Resistance Bands Set,1,28.15
O10055,2025-01-04,C1372,Yoga Block (pair),1,61.78
O10055,2025-01-04,C1372,Leggings - Black,1,24.59
O10055,2025-01-04,C1372,Phone Armband,1,18.23
O10056,2025-01-04,C1234,Yoga Mat - Cork,1,78.00
O10056,2025-01-04,C1234,Protein Powder - Chocolate,1,42.00
O10056,2025-01-04,C1234,Leggings - Olive,1,27.61
O10056,2025-01-04,C1234,Yoga Block (pair),2,61.78
O10057,2025-01-04,C1054,Yoga Strap,2,27.43
O10057,2025-01-04,C1054,Gym Bag - Black,2,31.61
O10058,2025-01-05,C1135,Headband Set,1,81.11
O10059,2025-01-05,C1242,Workout Towel,1,92.17
O10060,2025-01-05,C1316,Recovery Drink Mix,1,43.46
O10060,2025-01-05,C1316,Leggings - Black,2,24.59
O10061,2025-01-05,C1169,Yoga Mat - Standard,2,32.00
O10061,2025-01-05,C1169,Workout Towel,1,92.17
O10062,2025-01-05,C1155,Headband Set,2,81.11
O10063,2025-01-05,C1350,Water Bottle 32oz,1,57.87
O10064,2025-01-05,C1380,Tank Top - Black,1,39.66
O10064,2025-01-05,C1380,Workout Towel,1,92.17
O10065,2025-01-05,C1045,Massage Ball,2,47.52
O10066,2025-01-05,C1208,Kettlebell 20lb,2,69.17
O10066,2025-01-05,C1208,Wireless Earbuds,1,64.99
O10066,2025-01-05,C1208,Tank Top - Heather,1,36.20
O10067,2025-01-05,C1159,Leggings - Black,2,24.59
O10067,2025-01-05,C1159,Sports Bra,1,69.88
O10067,2025-01-05,C1159,Tank Top - Black,1,39.66
O10068,2025-01-05,C1184,Workout Towel,1,92.17
O10068,2025-01-05,C1184,Tank Top - Heather,1,36.20
O10068,2025-01-05,C1184,Sports Bra,1,69.88
O10069,2025-01-05,C1015,Headband Set,1,81.11
O10070,2025-01-05,C1090,Headband Set,1,81.11
O10070,2025-01-05,C1090,Protein Powder - Vanilla,2,42.00
O10070,2025-01-05,C1090,Phone Armband,1,18.23
O10070,2025-01-05,C1090,Tank Top - Heather,1,36.20
O10071,2025-01-05,C1145,Yoga Mat - Standard,1,32.00
O10072,2025-01-05,C1292,Massage Ball,1,47.52
O10072,2025-01-05,C1292,Water Bottle 32oz,1,57.87
O10072,2025-01-05,C1292,Pre-Workout,1,22.30
O10073,2025-01-05,C1262,Kettlebell 20lb,3,69.17
O10074,2025-01-05,C1349,Resistance Bands Set,1,28.15
O10075,2025-01-05,C1307,Water Bottle 32oz,2,57.87
O10075,2025-01-05,C1307,Workout Towel,1,92.17
O10075,2025-01-05,C1307,Protein Powder - Chocolate,3,42.00
O10076,2025-01-05,C1329,Leggings - Black,2,24.59
O10077,2025-01-05,C1235,Sports Bra,1,69.88
O10078,2025-01-05,C1266,Leggings - Black,3,24.59
O10078,2025-01-05,C1266,Yoga Mat - Cork,2,78.00
O10078,2025-01-05,C1266,BCAA Powder,1,34.86
O10079,2025-01-06,C1152,Headband Set,1,81.11
O10079,2025-01-06,C1152,Yoga Block (pair),1,61.78
O10080,2025-01-06,C1166,Workout Towel,1,92.17
O10080,2025-01-06,C1166,Pre-Workout,1,22.30
O10080,2025-01-06,C1166,Recovery Drink Mix,1,43.46
O10081,2025-01-06,C1029,Protein Powder - Chocolate,1,42.00
O10081,2025-01-06,C1029,BCAA Powder,1,34.86
O10081,2025-01-06,C1029,Adjustable Dumbbells,1,189.00
O10082,2025-01-06,C1214,Adjustable Dumbbells,1,189.00
O10082,2025-01-06,C1214,Workout Towel,1,92.17
O10083,2025-01-06,C1351,Headband Set,1,81.11
O10083,2025-01-06,C1351,BCAA Powder,1,34.86
O10084,2025-01-06,C1087,Phone Armband,1,18.23
O10084,2025-01-06,C1087,Foam Roller,1,52.28
O10084,2025-01-06,C1087,Gym Bag - Black,1,31.61
O10085,2025-01-06,C1286,Foam Roller,1,52.28
O10085,2025-01-06,C1286,BCAA Powder,1,34.86
O10085,2025-01-06,C1286,Tank Top - Black,1,39.66
O10086,2025-01-06,C1157,Tank Top - Black,1,39.66
O10086,2025-01-06,C1157,Tank Top - Heather,1,36.20
O10087,2025-01-06,C1060,Pre-Workout,1,22.30
O10087,2025-01-06,C1060,Protein Powder - Vanilla,1,42.00
O10088,2025-01-06,C1241,Wireless Earbuds,1,64.99
O10088,2025-01-06,C1241,Headband Set,1,81.11
O10088,2025-01-06,C1241,Leggings - Olive,1,27.61
O10088,2025-01-06,C1241,Phone Armband,1,18.23
O10089,2025-01-06,C1234,Recovery Drink Mix,1,43.46
O10090,2025-01-06,C1041,Pre-Workout,1,22.30
O10090,2025-01-06,C1041,Foam Roller,1,52.28
O10091,2025-01-06,C1231,Kettlebell 20lb,1,69.17
O10092,2025-01-06,C1295,Headband Set,1,81.11
O10092,2025-01-06,C1295,Kettlebell 20lb,1,69.17
O10093,2025-01-06,C1324,Leggings - Olive,1,27.61
O10093,2025-01-06,C1324,Leggings - Black,1,24.59
O10094,2025-01-06,C1374,Yoga Mat - Cork,2,78.00
O10095,2025-01-06,C1387,Massage Ball,1,47.52
O10095,2025-01-06,C1387,Yoga Mat - Cork,1,78.00
O10095,2025-01-06,C1387,BCAA Powder,1,34.86
O10096,2025-01-07,C1159,Leggings - Black,1,24.59
O10097,2025-01-07,C1156,Yoga Mat - Standard,1,32.00
O10098,2025-01-07,C1148,Wireless Earbuds,1,64.99
O10098,2025-01-07,C1148,Tank Top - Black,1,39.66
O10099,2025-01-07,C1068,Headband Set,1,81.11
O10100,2025-01-07,C1096,Leggings - Black,1,24.59
O10101,2025-01-07,C1114,Resistance Bands Set,1,28.15
O10101,2025-01-07,C1114,Foam Roller,1,52.28
O10102,2025-01-07,C1019,Pre-Workout,1,22.30
O10103,2025-01-07,C1273,Protein Powder - Chocolate,1,42.00
O10103,2025-01-07,C1273,BCAA Powder,2,34.86
O10104,2025-01-07,C1024,Leggings - Olive,1,27.61
O10104,2025-01-07,C1024,Sports Bra,1,69.88
O10105,2025-01-07,C1078,BCAA Powder,1,34.86
O10106,2025-01-07,C1154,Yoga Strap,1,27.43
O10106,2025-01-07,C1154,BCAA Powder,1,34.86
O10107,2025-01-07,C1358,Yoga Strap,1,27.43
O10108,2025-01-07,C1316,Yoga Strap,1,27.43
O10109,2025-01-07,C1254,Massage Ball,1,47.52
O10110,2025-01-07,C1267,Tank Top - Heather,1,36.20
O10110,2025-01-07,C1267,Recovery Drink Mix,1,43.46
O10110,2025-01-07,C1267,Leggings - Olive,1,27.61
O10110,2025-01-07,C1267,Gym Bag - Black,2,31.61
O10110,2025-01-07,C1267,Foam Roller,1,52.28
O10111,2025-01-07,C1001,Yoga Block (pair),2,61.78
O10112,2025-01-07,C1293,Resistance Bands Set,1,28.15
O10112,2025-01-07,C1293,Kettlebell 20lb,1,69.17
O10113,2025-01-07,C1051,Pre-Workout,1,22.30
O10113,2025-01-07,C1051,Water Bottle 32oz,1,57.87
O10113,2025-01-07,C1051,Sports Bra,2,69.88
O10113,2025-01-07,C1051,Gym Bag - Black,2,31.61
O10114,2025-01-07,C1148,BCAA Powder,1,34.86
O10115,2025-01-08,C1048,Yoga Mat - Standard,3,32.00
O10115,2025-01-08,C1048,Yoga Block (pair),1,61.78
O10115,2025-01-08,C1048,Foam Roller,1,52.28
O10115,2025-01-08,C1048,Yoga Strap,1,27.43
O10116,2025-01-08,C1175,Leggings - Black,1,24.59
O10117,2025-01-08,C1233,Leggings - Black,1,24.59
O10118,2025-01-08,C1244,Pre-Workout,1,22.30
O10118,2025-01-08,C1244,Foam Roller,1,52.28
O10118,2025-01-08,C1244,Yoga Strap,3,27.43
O10119,2025-01-08,C1081,Protein Powder - Vanilla,1,42.00
O10120,2025-01-08,C1291,Foam Roller,1,52.28
O10120,2025-01-08,C1291,Protein Powder - Chocolate,1,42.00
O10121,2025-01-08,C1014,Adjustable Dumbbells,1,189.00
O10121,2025-01-08,C1014,Resistance Bands Set,1,28.15
O10121,2025-01-08,C1014,Water Bottle 32oz,1,57.87
O10121,2025-01-08,C1014,Workout Towel,1,92.17
O10122,2025-01-08,C1347,Adjustable Dumbbells,1,189.00
O10122,2025-01-08,C1347,Protein Powder - Vanilla,3,42.00
O10123,2025-01-08,C1173,Recovery Drink Mix,1,43.46
O10124,2025-01-08,C1221,Water Bottle 32oz,1,57.87
O10124,2025-01-08,C1221,Headband Set,1,81.11
O10125,2025-01-08,C1197,Phone Armband,2,18.23
O10126,2025-01-09,C1005,Foam Roller,2,52.28
O10126,2025-01-09,C1005,Wireless Earbuds,2,64.99
O10127,2025-01-09,C1084,Headband Set,1,81.11
O10128,2025-01-09,C1169,Yoga Mat - Standard,1,32.00
O10128,2025-01-09,C1169,Phone Armband,1,18.23
O10128,2025-01-09,C1169,Leggings - Black,1,24.59
O10128,2025-01-09,C1169,Yoga Block (pair),3,61.78
O10128,2025-01-09,C1169,Yoga Strap,1,27.43
O10129,2025-01-09,C1009,Leggings - Olive,1,27.61
O10130,2025-01-09,C1281,Yoga Block (pair),1,61.78
O10131,2025-01-09,C1316,Wireless Earbuds,1,64.99
O10131,2025-01-09,C1316,Pre-Workout,3,22.30
O10132,2025-01-09,C1186,Water Bottle 32oz,1,57.87
O10132,2025-01-09,C1186,Sports Bra,1,69.88
O10132,2025-01-09,C1186,Tank Top - Black,1,39.66
O10133,2025-01-09,C1336,Sports Bra,1,69.88
O10134,2025-01-09,C1388,Yoga Mat - Cork,3,78.00
O10134,2025-01-09,C1388,Workout Towel,1,92.17
O10135,2025-01-10,C1191,Yoga Mat - Standard,1,32.00
O10135,2025-01-10,C1191,Headband Set,1,81.11
O10135,2025-01-10,C1191,Yoga Strap,1,27.43
O10136,2025-01-10,C1201,Massage Ball,1,47.52
O10137,2025-01-10,C1055,Yoga Mat - Standard,2,32.00
O10137,2025-01-10,C1055,BCAA Powder,1,34.86
O10137,2025-01-10,C1055,Kettlebell 20lb,1,69.17
O10138,2025-01-10,C1258,Headband Set,1,81.11
O10139,2025-01-10,C1376,Leggings - Olive,2,27.61
O10140,2025-01-10,C1247,Kettlebell 20lb,1,69.17
O10140,2025-01-10,C1247,Foam Roller,2,52.28
O10140,2025-01-10,C1247,Recovery Drink Mix,1,43.46
O10140,2025-01-10,C1247,Protein Powder - Vanilla,1,42.00
O10141,2025-01-10,C1310,Wireless Earbuds,1,64.99
O10141,2025-01-10,C1310,Leggings - Olive,1,27.61
O10141,2025-01-10,C1310,Recovery Drink Mix,1,43.46
O10141,2025-01-10,C1310,Workout Towel,2,92.17
O10142,2025-01-10,C1070,Recovery Drink Mix,1,43.46
O10142,2025-01-10,C1070,Adjustable Dumbbells,2,189.00
O10143,2025-01-10,C1280,Recovery Drink Mix,1,43.46
O10143,2025-01-10,C1280,Adjustable Dumbbells,1,189.00
O10143,2025-01-10,C1280,Phone Armband,1,18.23
O10143,2025-01-10,C1280,Pre-Workout,1,22.30
O10144,2025-01-10,C1344,Recovery Drink Mix,1,43.46
O10145,2025-01-10,C1091,Recovery Drink Mix,1,43.46
O10145,2025-01-10,C1091,Pre-Workout,1,22.30
O10146,2025-01-10,C1180,Protein Powder - Vanilla,1,42.00
O10146,2025-01-10,C1180,BCAA Powder,1,34.86
O10147,2025-01-10,C1273,Leggings - Olive,2,27.61
O10148,2025-01-10,C1267,Leggings - Black,1,24.59
O10149,2025-01-10,C1343,Workout Towel,1,92.17
O10150,2025-01-10,C1082,BCAA Powder,1,34.86
O10150,2025-01-10,C1082,Workout Towel,1,92.17
O10150,2025-01-10,C1082,Resistance Bands Set,1,28.15
O10150,2025-01-10,C1082,Yoga Mat - Standard,1,32.00
O10150,2025-01-10,C1082,Recovery Drink Mix,1,43.46
O10151,2025-01-10,C1315,Adjustable Dumbbells,1,189.00
O10151,2025-01-10,C1315,Water Bottle 32oz,1,57.87
O10151,2025-01-10,C1315,Phone Armband,1,18.23
O10151,2025-01-10,C1315,Workout Towel,1,92.17
O10152,2025-01-10,C1350,Phone Armband,1,18.23
O10153,2025-01-10,C1380,Protein Powder - Chocolate,2,42.00
O10154,2025-01-10,C1226,Pre-Workout,1,22.30
O10154,2025-01-10,C1226,Recovery Drink Mix,1,43.46
O10155,2025-01-10,C1279,Massage Ball,3,47.52
O10155,2025-01-10,C1279,Kettlebell 20lb,1,69.17
O10155,2025-01-10,C1279,Adjustable Dumbbells,1,189.00
O10156,2025-01-10,C1349,Foam Roller,1,52.28
O10157,2025-01-10,C1061,Leggings - Olive,1,27.61
O10158,2025-01-10,C1135,Protein Powder - Vanilla,2,42.00
O10159,2025-01-11,C1169,Resistance Bands Set,1,28.15
O10159,2025-01-11,C1169,Workout Towel,1,92.17
O10160,2025-01-11,C1320,BCAA Powder,1,34.86
O10160,2025-01-11,C1320,Gym Bag - Black,1,31.61
O10161,2025-01-11,C1183,Recovery Drink Mix,1,43.46
O10162,2025-01-11,C1112,Wireless Earbuds,1,64.99
O10162,2025-01-11,C1112,Phone Armband,1,18.23
O10162,2025-01-11,C1112,Headband Set,1,81.11
O10162,2025-01-11,C1112,Water Bottle 32oz,1,57.87
O10162,2025-01-11,C1112,BCAA Powder,1,34.86
O10163,2025-01-11,C1287,Pre-Workout,1,22.30
O10163,2025-01-11,C1287,Yoga Mat - Cork,1,78.00
O10163,2025-01-11,C1287,Yoga Strap,2,27.43
O10164,2025-01-11,C1314,Water Bottle 32oz,1,57.87
O10164,2025-01-11,C1314,Yoga Mat - Standard,1,32.00
O10164,2025-01-11,C1314,BCAA Powder,1,34.86
O10164,2025-01-11,C1314,Tank Top - Black,1,39.66
O10165,2025-01-11,C1370,Wireless Earbuds,2,64.99
O10166,2025-01-11,C1191,Wireless Earbuds,1,64.99
O10166,2025-01-11,C1191,Phone Armband,1,18.23
O10167,2025-01-12,C1263,Yoga Strap,1,27.43
O10168,2025-01-12,C1395,Yoga Mat - Cork,1,78.00
O10168,2025-01-12,C1395,Massage Ball,1,47.52
O10169,2025-01-12,C1350,Yoga Strap,1,27.43
O10169,2025-01-12,C1350,Massage Ball,1,47.52
O10170,2025-01-12,C1379,Pre-Workout,1,22.30
O10170,2025-01-12,C1379,Yoga Block (pair),1,61.78
O10170,2025-01-12,C1379,Adjustable Dumbbells,1,189.00
O10171,2025-01-12,C1019,Yoga Mat - Standard,1,32.00
O10172,2025-01-12,C1128,Protein Powder - Vanilla,1,42.00
O10172,2025-01-12,C1128,Workout Towel,1,92.17
O10173,2025-01-12,C1207,Yoga Mat - Cork,1,78.00
O10173,2025-01-12,C1207,Yoga Block (pair),1,61.78
O10174,2025-01-12,C1316,Adjustable Dumbbells,1,189.00
O10175,2025-01-12,C1358,Tank Top - Heather,1,36.20
O10175,2025-01-12,C1358,Wireless Earbuds,1,64.99
O10175,2025-01-12,C1358,Yoga Strap,1,27.43
O10176,2025-01-12,C1144,Sports Bra,2,69.88
O10176,2025-01-12,C1144,Leggings - Black,1,24.59
O10177,2025-01-12,C1080,Resistance Bands Set,1,28.15
O10177,2025-01-12,C1080,Phone Armband,1,18.23
O10178,2025-01-12,C1152,Adjustable Dumbbells,1,189.00
O10178,2025-01-12,C1152,Yoga Mat - Cork,1,78.00
O10179,2025-01-12,C1063,Protein Powder - Vanilla,1,42.00
O10180,2025-01-12,C1275,Yoga Block (pair),1,61.78
O10180,2025-01-12,C1275,Gym Bag - Black,1,31.61
O10181,2025-01-12,C1371,Leggings - Olive,2,27.61
O10182,2025-01-12,C1262,Foam Roller,1,52.28
O10183,2025-01-12,C1129,Foam Roller,1,52.28
O10184,2025-01-12,C1290,Kettlebell 20lb,1,69.17
O10184,2025-01-12,C1290,Phone Armband,1,18.23
O10184,2025-01-12,C1290,Sports Bra,1,69.88
O10184,2025-01-12,C1290,Pre-Workout,1,22.30
O10185,2025-01-13,C1169,BCAA Powder,1,34.86
O10186,2025-01-13,C1051,Yoga Block (pair),2,61.78
O10187,2025-01-13,C1162,Tank Top - Black,1,39.66
O10187,2025-01-13,C1162,Protein Powder - Chocolate,1,42.00
O10188,2025-01-13,C1078,Tank Top - Heather,3,36.20
O10188,2025-01-13,C1078,Tank Top - Black,1,39.66
O10189,2025-01-13,C1160,Water Bottle 32oz,1,57.87
O10190,2025-01-13,C1328,Tank Top - Heather,1,36.20
O10190,2025-01-13,C1328,Resistance Bands Set,1,28.15
O10191,2025-01-13,C1245,Tank Top - Heather,1,36.20
O10191,2025-01-13,C1245,Kettlebell 20lb,1,69.17
O10192,2025-01-13,C1089,Yoga Block (pair),2,61.78
O10192,2025-01-13,C1089,Workout Towel,1,92.17
O10193,2025-01-13,C1275,Adjustable Dumbbells,2,189.00
O10194,2025-01-13,C1039,Yoga Mat - Cork,1,78.00
O10194,2025-01-13,C1039,Pre-Workout,1,22.30
O10194,2025-01-13,C1039,Workout Towel,1,92.17
O10195,2025-01-13,C1018,Phone Armband,1,18.23
O10196,2025-01-13,C1396,Leggings - Black,1,24.59
O10197,2025-01-13,C1395,Gym Bag - Black,1,31.61
O10197,2025-01-13,C1395,Resistance Bands Set,1,28.15
O10198,2025-01-13,C1203,Yoga Mat - Cork,1,78.00
O10199,2025-01-13,C1314,Kettlebell 20lb,1,69.17
O10199,2025-01-13,C1314,Wireless Earbuds,1,64.99
O10200,2025-01-13,C1289,BCAA Powder,1,34.86
O10200,2025-01-13,C1289,Resistance Bands Set,1,28.15
O10200,2025-01-13,C1289,Adjustable Dumbbells,1,189.00
O10201,2025-01-13,C1249,Workout Towel,1,92.17
O10202,2025-01-13,C1021,Wireless Earbuds,1,64.99
O10202,2025-01-13,C1021,Tank Top - Heather,2,36.20
O10203,2025-01-13,C1023,Pre-Workout,1,22.30
O10204,2025-01-13,C1360,Pre-Workout,1,22.30
O10204,2025-01-13,C1360,Workout Towel,1,92.17
O10204,2025-01-13,C1360,Adjustable Dumbbells,1,189.00
O10204,2025-01-13,C1360,Protein Powder - Vanilla,1,42.00
O10205,2025-01-13,C1334,Yoga Block (pair),3,61.78
O10205,2025-01-13,C1334,Wireless Earbuds,1,64.99
O10205,2025-01-13,C1334,Workout Towel,1,92.17
O10205,2025-01-13,C1334,Leggings - Black,2,24.59
O10206,2025-01-13,C1176,Headband Set,1,81.11
O10206,2025-01-13,C1176,Protein Powder - Chocolate,2,42.00
O10207,2025-01-13,C1225,Yoga Block (pair),1,61.78
O10208,2025-01-14,C1108,Foam Roller,1,52.28
O10209,2025-01-14,C1367,BCAA Powder,2,34.86
O10209,2025-01-14,C1367,Water Bottle 32oz,1,57.87
O10209,2025-01-14,C1367,Leggings - Olive,1,27.61
O10210,2025-01-14,C1245,Protein Powder - Vanilla,1,42.00
O10210,2025-01-14,C1245,BCAA Powder,1,34.86
O10211,2025-01-14,C1293,Resistance Bands Set,2,28.15
O10211,2025-01-14,C1293,Yoga Mat - Standard,1,32.00
O10212,2025-01-14,C1085,Foam Roller,1,52.28
O10213,2025-01-14,C1207,Protein Powder - Vanilla,1,42.00
O10213,2025-01-14,C1207,Adjustable Dumbbells,2,189.00
O10214,2025-01-14,C1043,Protein Powder - Chocolate,3,42.00
O10215,2025-01-14,C1246,Leggings - Olive,1,27.61
O10216,2025-01-14,C1298,Foam Roller,1,52.28
O10216,2025-01-14,C1298,Protein Powder - Chocolate,1,42.00
O10216,2025-01-14,C1298,BCAA Powder,1,34.86
O10217,2025-01-14,C1232,Yoga Block (pair),1,61.78
O10217,2025-01-14,C1232,Water Bottle 32oz,1,57.87
O10218,2025-01-14,C1008,Wireless Earbuds,1,64.99
O10219,2025-01-14,C1076,Foam Roller,2,52.28
O10219,2025-01-14,C1076,Headband Set,1,81.11
O10220,2025-01-14,C1272,Yoga Strap,1,27.43
O10220,2025-01-14,C1272,Yoga Block (pair),1,61.78
O10221,2025-01-14,C1308,Yoga Mat - Cork,1,78.00
O10221,2025-01-14,C1308,Kettlebell 20lb,1,69.17
O10222,2025-01-14,C1215,Yoga Mat - Standard,1,32.00
O10223,2025-01-14,C1219,Headband Set,1,81.11
O10224,2025-01-15,C1179,Adjustable Dumbbells,1,189.00
O10224,2025-01-15,C1179,Recovery Drink Mix,1,43.46
O10225,2025-01-15,C1130,Water Bottle 32oz,1,57.87
O10225,2025-01-15,C1130,Yoga Block (pair),2,61.78
O10226,2025-01-15,C1209,Yoga Mat - Cork,1,78.00
O10227,2025-01-15,C1003,Yoga Strap,1,27.43
O10227,2025-01-15,C1003,Wireless Earbuds,1,64.99
O10228,2025-01-15,C1352,Leggings - Olive,1,27.61
O10228,2025-01-15,C1352,Sports Bra,1,69.88
O10228,2025-01-15,C1352,Tank Top - Heather,1,36.20
O10229,2025-01-15,C1313,BCAA Powder,1,34.86
O10230,2025-01-15,C1104,Phone Armband,1,18.23
O10230,2025-01-15,C1104,Headband Set,1,81.11
O10231,2025-01-15,C1247,Gym Bag - Black,1,31.61
O10232,2025-01-15,C1396,Adjustable Dumbbells,1,189.00
O10232,2025-01-15,C1396,Workout Towel,2,92.17
O10232,2025-01-15,C1396,Sports Bra,1,69.88
O10233,2025-01-15,C1260,Tank Top - Black,1,39.66
O10233,2025-01-15,C1260,Phone Armband,1,18.23
O10234,2025-01-15,C1026,Pre-Workout,1,22.30
O10235,2025-01-15,C1046,Headband Set,1,81.11
O10235,2025-01-15,C1046,Protein Powder - Chocolate,1,42.00
O10235,2025-01-15,C1046,Leggings - Olive,1,27.61
O10236,2025-01-15,C1311,Leggings - Black,2,24.59
O10237,2025-01-15,C1205,Wireless Earbuds,2,64.99
O10237,2025-01-15,C1205,Phone Armband,2,18.23
O10238,2025-01-15,C1327,Yoga Mat - Cork,2,78.00
O10238,2025-01-15,C1327,Workout Towel,1,92.17
O10239,2025-01-15,C1099,Protein Powder - Chocolate,1,42.00
O10240,2025-01-15,C1357,Foam Roller,1,52.28
O10241,2025-01-15,C1184,Yoga Mat - Cork,3,78.00
O10242,2025-01-15,C1044,Kettlebell 20lb,1,69.17
O10242,2025-01-15,C1044,Leggings - Black,1,24.59
O10242,2025-01-15,C1044,Tank Top - Heather,1,36.20
O10242,2025-01-15,C1044,BCAA Powder,1,34.86
O10243,2025-01-15,C1046,Adjustable Dumbbells,1,189.00
O10243,2025-01-15,C1046,Protein Powder - Vanilla,3,42.00
O10244,2025-01-16,C1115,Massage Ball,2,47.52
O10244,2025-01-16,C1115,Sports Bra,1,69.88
O10245,2025-01-16,C1133,Wireless Earbuds,1,64.99
O10246,2025-01-16,C1037,Tank Top - Black,2,39.66
O10246,2025-01-16,C1037,Yoga Strap,3,27.43
O10247,2025-01-16,C1275,Protein Powder - Vanilla,1,42.00
O10247,2025-01-16,C1275,BCAA Powder,1,34.86
O10248,2025-01-16,C1173,Sports Bra,1,69.88
O10248,2025-01-16,C1173,BCAA Powder,1,34.86
O10248,2025-01-16,C1173,Protein Powder - Vanilla,1,42.00
O10248,2025-01-16,C1173,Yoga Mat - Cork,1,78.00
O10249,2025-01-16,C1112,Water Bottle 32oz,1,57.87
O10249,2025-01-16,C1112,Tank Top - Black,1,39.66
O10250,2025-01-16,C1274,Workout Towel,1,92.17
O10251,2025-01-16,C1047,Adjustable Dumbbells,2,189.00
O10252,2025-01-16,C1038,Foam Roller,1,52.28
O10252,2025-01-16,C1038,Headband Set,1,81.11
O10253,2025-01-16,C1293,Adjustable Dumbbells,1,189.00
O10254,2025-01-16,C1097,Massage Ball,1,47.52
O10254,2025-01-16,C1097,Water Bottle 32oz,2,57.87
O10255,2025-01-16,C1105,Water Bottle 32oz,2,57.87
O10256,2025-01-16,C1182,Yoga Strap,1,27.43
O10257,2025-01-16,C1040,BCAA Powder,1,34.86
O10257,2025-01-16,C1040,Headband Set,1,81.11
O10258,2025-01-16,C1277,Headband Set,2,81.11
O10258,2025-01-16,C1277,Tank Top - Heather,2,36.20
O10258,2025-01-16,C1277,Protein Powder - Chocolate,1,42.00
O10258,2025-01-16,C1277,Tank Top - Black,1,39.66
O10259,2025-01-16,C1093,Wireless Earbuds,1,64.99
O10259,2025-01-16,C1093,Phone Armband,1,18.23
O10259,2025-01-16,C1093,Resistance Bands Set,2,28.15
O10259,2025-01-16,C1093,Headband Set,1,81.11
O10260,2025-01-17,C1061,Sports Bra,1,69.88
O10260,2025-01-17,C1061,Tank Top - Black,1,39.66
O10261,2025-01-17,C1107,Yoga Strap,1,27.43
O10262,2025-01-17,C1313,Foam Roller,1,52.28
O10262,2025-01-17,C1313,Phone Armband,3,18.23
O10262,2025-01-17,C1313,Workout Towel,1,92.17
O10262,2025-01-17,C1313,Water Bottle 32oz,1,57.87
O10263,2025-01-17,C1217,Recovery Drink Mix,1,43.46
O10264,2025-01-17,C1186,Workout Towel,1,92.17
O10264,2025-01-17,C1186,Sports Bra,1,69.88
O10264,2025-01-17,C1186,Foam Roller,1,52.28
O10264,2025-01-17,C1186,Protein Powder - Vanilla,1,42.00
O10265,2025-01-17,C1138,Phone Armband,1,18.23
O10265,2025-01-17,C1138,Leggings - Olive,2,27.61
O10265,2025-01-17,C1138,Leggings - Black,1,24.59
O10266,2025-01-17,C1242,Foam Roller,1,52.28
O10266,2025-01-17,C1242,Leggings - Olive,2,27.61
O10266,2025-01-17,C1242,Headband Set,1,81.11
O10267,2025-01-17,C1273,Headband Set,1,81.11
O10267,2025-01-17,C1273,Gym Bag - Black,1,31.61
O10267,2025-01-17,C1273,Workout Towel,1,92.17
O10268,2025-01-17,C1353,Massage Ball,2,47.52
O10269,2025-01-17,C1243,Yoga Strap,1,27.43
O10269,2025-01-17,C1243,Sports Bra,1,69.88
O10269,2025-01-17,C1243,Adjustable Dumbbells,1,189.00
O10270,2025-01-17,C1131,Leggings - Olive,1,27.61
O10271,2025-01-17,C1347,Massage Ball,1,47.52
O10271,2025-01-17,C1347,Protein Powder - Vanilla,3,42.00
O10271,2025-01-17,C1347,Pre-Workout,1,22.30
O10272,2025-01-17,C1166,Headband Set,1,81.11
O10272,2025-01-17,C1166,Kettlebell 20lb,2,69.17
O10273,2025-01-17,C1195,Sports Bra,3,69.88
O10273,2025-01-17,C1195,Pre-Workout,2,22.30
O10274,2025-01-17,C1327,Tank Top - Black,1,39.66
O10274,2025-01-17,C1327,Leggings - Olive,1,27.61
O10274,2025-01-17,C1327,Pre-Workout,2,22.30
O10275,2025-01-17,C1040,Water Bottle 32oz,1,57.87
O10276,2025-01-17,C1334,Workout Towel,1,92.17
O10277,2025-01-17,C1202,Sports Bra,1,69.88
O10278,2025-01-17,C1185,Wireless Earbuds,1,64.99
O10278,2025-01-17,C1185,Leggings - Olive,1,27.61
O10278,2025-01-17,C1185,Phone Armband,1,18.23
O10279,2025-01-17,C1380,Yoga Block (pair),1,61.78
O10279,2025-01-17,C1380,Massage Ball,1,47.52
O10279,2025-01-17,C1380,Foam Roller,2,52.28
O10280,2025-01-17,C1242,Yoga Mat - Cork,1,78.00
O10280,2025-01-17,C1242,Wireless Earbuds,1,64.99
O10281,2025-01-17,C1134,Yoga Block (pair),2,61.78
O10281,2025-01-17,C1134,Pre-Workout,1,22.30
O10282,2025-01-18,C1126,Sports Bra,1,69.88
O10282,2025-01-18,C1126,Pre-Workout,2,22.30
O10282,2025-01-18,C1126,Resistance Bands Set,1,28.15
O10283,2025-01-18,C1339,Tank Top - Black,2,39.66
O10284,2025-01-18,C1239,Phone Armband,3,18.23
O10284,2025-01-18,C1239,Workout Towel,1,92.17
O10284,2025-01-18,C1239,Sports Bra,1,69.88
O10284,2025-01-18,C1239,Resistance Bands Set,1,28.15
O10285,2025-01-18,C1323,Protein Powder - Vanilla,2,42.00
O10285,2025-01-18,C1323,Recovery Drink Mix,1,43.46
O10285,2025-01-18,C1323,Gym Bag - Black,1,31.61
O10286,2025-01-18,C1045,Tank Top - Heather,1,36.20
O10286,2025-01-18,C1045,Leggings - Olive,1,27.61
O10287,2025-01-18,C1000,Kettlebell 20lb,1,69.17
O10287,2025-01-18,C1000,Resistance Bands Set,1,28.15
O10288,2025-01-18,C1004,Headband Set,1,81.11
O10288,2025-01-18,C1004,Kettlebell 20lb,1,69.17
O10289,2025-01-18,C1220,Protein Powder - Chocolate,1,42.00
O10289,2025-01-18,C1220,Pre-Workout,1,22.30
O10289,2025-01-18,C1220,Massage Ball,1,47.52
O10290,2025-01-18,C1083,Pre-Workout,1,22.30
O10290,2025-01-18,C1083,Leggings - Black,1,24.59
O10291,2025-01-18,C1320,Kettlebell 20lb,1,69.17
O10292,2025-01-18,C1313,BCAA Powder,1,34.86
O10292,2025-01-18,C1313,Workout Towel,1,92.17
O10292,2025-01-18,C1313,Gym Bag - Black,1,31.61
O10293,2025-01-18,C1096,Foam Roller,1,52.28
O10293,2025-01-18,C1096,Resistance Bands Set,1,28.15
O10293,2025-01-18,C1096,Gym Bag - Black,1,31.61
O10293,2025-01-18,C1096,Yoga Strap,1,27.43
O10294,2025-01-18,C1096,Resistance Bands Set,1,28.15
O10295,2025-01-18,C1273,Yoga Strap,1,27.43
O10296,2025-01-18,C1064,Adjustable Dumbbells,1,189.00
O10296,2025-01-18,C1064,Workout Towel,1,92.17
O10296,2025-01-18,C1064,Water Bottle 32oz,1,57.87
O10297,2025-01-19,C1190,Yoga Mat - Standard,1,32.00
O10297,2025-01-19,C1190,Yoga Block (pair),1,61.78
O10298,2025-01-19,C1036,Foam Roller,2,52.28
O10298,2025-01-19,C1036,Massage Ball,1,47.52
O10299,2025-01-19,C1195,Yoga Strap,1,27.43
O10299,2025-01-19,C1195,Kettlebell 20lb,1,69.17
O10299,2025-01-19,C1195,Recovery Drink Mix,1,43.46
O10300,2025-01-19,C1377,Massage Ball,1,47.52
O10300,2025-01-19,C1377,Sports Bra,3,69.88
O10300,2025-01-19,C1377,Adjustable Dumbbells,1,189.00
O10300,2025-01-19,C1377,Kettlebell 20lb,1,69.17
O10300,2025-01-19,C1377,Yoga Strap,1,27.43
O10301,2025-01-19,C1165,Adjustable Dumbbells,1,189.00
O10302,2025-01-19,C1281,Workout Towel,1,92.17
O10302,2025-01-19,C1281,Headband Set,1,81.11
O10303,2025-01-19,C1026,Massage Ball,1,47.52
O10303,2025-01-19,C1026,Yoga Strap,1,27.43
O10303,2025-01-19,C1026,Water Bottle 32oz,1,57.87
O10303,2025-01-19,C1026,Pre-Workout,1,22.30
O10304,2025-01-19,C1202,Yoga Mat - Cork,1,78.00
O10304,2025-01-19,C1202,Protein Powder - Vanilla,1,42.00
O10304,2025-01-19,C1202,Headband Set,1,81.11
O10305,2025-01-19,C1127,Yoga Block (pair),1,61.78
O10306,2025-01-19,C1173,Kettlebell 20lb,1,69.17
O10306,2025-01-19,C1173,Pre-Workout,1,22.30
O10306,2025-01-19,C1173,Yoga Mat - Standard,1,32.00
O10307,2025-01-19,C1054,Water Bottle 32oz,1,57.87
O10308,2025-01-19,C1285,Kettlebell 20lb,1,69.17
O10308,2025-01-19,C1285,Tank Top - Heather,1,36.20
O10308,2025-01-19,C1285,Sports Bra,1,69.88
O10309,2025-01-19,C1370,Yoga Mat - Standard,1,32.00
O10310,2025-01-19,C1224,Phone Armband,1,18.23
O10310,2025-01-19,C1224,Recovery Drink Mix,1,43.46
O10311,2025-01-19,C1278,Adjustable Dumbbells,1,189.00
O10312,2025-01-19,C1306,Phone Armband,1,18.23
O10312,2025-01-19,C1306,Foam Roller,1,52.28
O10312,2025-01-19,C1306,Yoga Block (pair),1,61.78
O10312,2025-01-19,C1306,Wireless Earbuds,1,64.99
O10313,2025-01-19,C1000,Wireless Earbuds,2,64.99
O10313,2025-01-19,C1000,Phone Armband,1,18.23
O10313,2025-01-19,C1000,Protein Powder - Chocolate,1,42.00
O10314,2025-01-19,C1369,Phone Armband,2,18.23
O10315,2025-01-19,C1097,Headband Set,1,81.11
O10315,2025-01-19,C1097,Kettlebell 20lb,1,69.17
O10316,2025-01-19,C1165,Tank Top - Black,1,39.66
O10316,2025-01-19,C1165,Yoga Strap,1,27.43
O10317,2025-01-19,C1022,Resistance Bands Set,1,28.15
O10317,2025-01-19,C1022,Foam Roller,1,52.28
O10317,2025-01-19,C1022,Workout Towel,1,92.17
O10318,2025-01-19,C1198,Wireless Earbuds,1,64.99
O10318,2025-01-19,C1198,Protein Powder - Vanilla,1,42.00
O10319,2025-01-19,C1310,Yoga Mat - Cork,1,78.00
O10319,2025-01-19,C1310,Massage Ball,1,47.52
O10319,2025-01-19,C1310,Yoga Block (pair),1,61.78
O10320,2025-01-20,C1188,Yoga Mat - Standard,1,32.00
O10320,2025-01-20,C1188,Workout Towel,1,92.17
O10320,2025-01-20,C1188,Adjustable Dumbbells,2,189.00
O10321,2025-01-20,C1265,Adjustable Dumbbells,1,189.00
O10322,2025-01-20,C1197,Wireless Earbuds,1,64.99
O10323,2025-01-20,C1291,Foam Roller,1,52.28
O10323,2025-01-20,C1291,Phone Armband,1,18.23
O10324,2025-01-20,C1054,Protein Powder - Vanilla,2,42.00
O10324,2025-01-20,C1054,BCAA Powder,1,34.86
O10324,2025-01-20,C1054,Leggings - Olive,1,27.61
O10325,2025-01-20,C1205,BCAA Powder,1,34.86
O10325,2025-01-20,C1205,Foam Roller,1,52.28
O10326,2025-01-20,C1180,Phone Armband,1,18.23
O10326,2025-01-20,C1180,Tank Top - Black,1,39.66
O10326,2025-01-20,C1180,Tank Top - Heather,1,36.20
O10326,2025-01-20,C1180,Leggings - Olive,1,27.61
O10327,2025-01-20,C1288,Leggings - Black,1,24.59
O10327,2025-01-20,C1288,Adjustable Dumbbells,3,189.00
O10328,2025-01-20,C1229,Yoga Mat - Cork,1,78.00
O10328,2025-01-20,C1229,Gym Bag - Black,1,31.61
O10328,2025-01-20,C1229,Wireless Earbuds,1,64.99
O10328,2025-01-20,C1229,Yoga Strap,2,27.43
O10328,2025-01-20,C1229,Yoga Block (pair),2,61.78
O10329,2025-01-20,C1283,Protein Powder - Vanilla,1,42.00
O10329,2025-01-20,C1283,Resistance Bands Set,1,28.15
O10330,2025-01-20,C1079,Tank Top - Heather,2,36.20
O10331,2025-01-20,C1127,Gym Bag - Black,1,31.61
O10332,2025-01-20,C1204,Massage Ball,1,47.52
O10332,2025-01-20,C1204,Adjustable Dumbbells,1,189.00
O10333,2025-01-20,C1247,Recovery Drink Mix,1,43.46
O10334,2025-01-20,C1048,Gym Bag - Black,1,31.61
O10334,2025-01-20,C1048,Yoga Mat - Standard,1,32.00
O10335,2025-01-20,C1040,Kettlebell 20lb,2,69.17
O10335,2025-01-20,C1040,Tank Top - Black,1,39.66
O10335,2025-01-20,C1040,Tank Top - Heather,2,36.20
O10336,2025-01-20,C1061,Water Bottle 32oz,2,57.87
O10336,2025-01-20,C1061,Adjustable Dumbbells,1,189.00
O10336,2025-01-20,C1061,Pre-Workout,1,22.30
O10336,2025-01-20,C1061,Protein Powder - Chocolate,1,42.00
O10337,2025-01-20,C1268,Phone Armband,1,18.23
O10338,2025-01-20,C1167,Water Bottle 32oz,1,57.87
O10338,2025-01-20,C1167,Resistance Bands Set,1,28.15
O10339,2025-01-20,C1201,Kettlebell 20lb,1,69.17
O10339,2025-01-20,C1201,Protein Powder - Chocolate,1,42.00
O10339,2025-01-20,C1201,Protein Powder - Vanilla,1,42.00
O10339,2025-01-20,C1201,Wireless Earbuds,1,64.99
O10339,2025-01-20,C1201,Yoga Block (pair),1,61.78
O10340,2025-01-20,C1292,Phone Armband,1,18.23
O10340,2025-01-20,C1292,Leggings - Black,1,24.59
O10340,2025-01-20,C1292,Workout Towel,1,92.17
O10341,2025-01-21,C1390,Phone Armband,1,18.23
O10342,2025-01-21,C1202,Massage Ball,1,47.52
O10342,2025-01-21,C1202,Phone Armband,1,18.23
O10343,2025-01-21,C1126,Workout Towel,1,92.17
O10344,2025-01-21,C1165,Protein Powder - Vanilla,1,42.00
O10344,2025-01-21,C1165,Recovery Drink Mix,1,43.46
O10345,2025-01-21,C1097,Protein Powder - Chocolate,1,42.00
O10346,2025-01-21,C1394,Tank Top - Heather,1,36.20
O10347,2025-01-21,C1226,Sports Bra,2,69.88
O10347,2025-01-21,C1226,Yoga Mat - Standard,1,32.00
O10348,2025-01-21,C1350,Kettlebell 20lb,1,69.17
O10349,2025-01-21,C1043,Yoga Mat - Standard,1,32.00
O10350,2025-01-21,C1317,Gym Bag - Black,2,31.61
O10350,2025-01-21,C1317,Yoga Mat - Cork,1,78.00
O10350,2025-01-21,C1317,Tank Top - Black,1,39.66
O10350,2025-01-21,C1317,Recovery Drink Mix,1,43.46
O10351,2025-01-21,C1378,Massage Ball,1,47.52
O10351,2025-01-21,C1378,Phone Armband,1,18.23
O10352,2025-01-21,C1247,Resistance Bands Set,1,28.15
O10352,2025-01-21,C1247,BCAA Powder,1,34.86
O10353,2025-01-22,C1022,Yoga Mat - Standard,1,32.00
O10354,2025-01-22,C1356,Yoga Mat - Standard,1,32.00
O10354,2025-01-22,C1356,Yoga Block (pair),1,61.78
O10355,2025-01-22,C1339,BCAA Powder,1,34.86
O10355,2025-01-22,C1339,Tank Top - Heather,2,36.20
O10355,2025-01-22,C1339,Yoga Strap,1,27.43
O10355,2025-01-22,C1339,Yoga Mat - Cork,3,78.00
O10356,2025-01-22,C1260,Yoga Strap,1,27.43
O10356,2025-01-22,C1260,Tank Top - Black,1,39.66
O10356,2025-01-22,C1260,Headband Set,3,81.11
O10356,2025-01-22,C1260,Protein Powder - Chocolate,1,42.00
O10356,2025-01-22,C1260,Phone Armband,1,18.23
O10357,2025-01-22,C1020,Wireless Earbuds,1,64.99
O10358,2025-01-22,C1250,Foam Roller,1,52.28
O10359,2025-01-22,C1350,Pre-Workout,1,22.30
O10360,2025-01-22,C1256,Yoga Mat - Standard,1,32.00
O10361,2025-01-22,C1198,Yoga Mat - Cork,1,78.00
O10361,2025-01-22,C1198,Workout Towel,1,92.17
O10361,2025-01-22,C1198,Yoga Strap,1,27.43
O10361,2025-01-22,C1198,BCAA Powder,1,34.86
O10362,2025-01-22,C1320,Leggings - Olive,1,27.61
O10362,2025-01-22,C1320,Sports Bra,1,69.88
O10363,2025-01-22,C1309,Phone Armband,1,18.23
O10364,2025-01-22,C1334,Phone Armband,1,18.23
O10365,2025-01-22,C1103,Gym Bag - Black,2,31.61
O10365,2025-01-22,C1103,Recovery Drink Mix,1,43.46
O10365,2025-01-22,C1103,Wireless Earbuds,2,64.99
O10366,2025-01-22,C1394,Protein Powder - Vanilla,2,42.00
O10367,2025-01-22,C1162,Phone Armband,2,18.23
O10368,2025-01-22,C1060,Resistance Bands Set,1,28.15
O10369,2025-01-22,C1391,Leggings - Olive,3,27.61
O10370,2025-01-22,C1155,Pre-Workout,1,22.30
O10370,2025-01-22,C1155,Adjustable Dumbbells,1,189.00
O10371,2025-01-22,C1054,Yoga Mat - Cork,1,78.00
O10372,2025-01-22,C1313,Protein Powder - Chocolate,1,42.00
O10372,2025-01-22,C1313,Water Bottle 32oz,1,57.87
O10373,2025-01-22,C1013,Recovery Drink Mix,1,43.46
O10374,2025-01-22,C1068,Protein Powder - Chocolate,1,42.00
O10374,2025-01-22,C1068,BCAA Powder,1,34.86
O10375,2025-01-22,C1242,Massage Ball,1,47.52
O10376,2025-01-22,C1209,Yoga Mat - Cork,3,78.00
O10376,2025-01-22,C1209,Leggings - Olive,1,27.61
O10376,2025-01-22,C1209,Workout Towel,1,92.17
O10377,2025-01-23,C1315,Tank Top - Black,2,39.66
O10377,2025-01-23,C1315,Sports Bra,1,69.88
O10378,2025-01-23,C1397,Adjustable Dumbbells,2,189.00
O10379,2025-01-23,C1368,Protein Powder - Chocolate,2,42.00
O10380,2025-01-23,C1292,Wireless Earbuds,1,64.99
O10380,2025-01-23,C1292,Recovery Drink Mix,1,43.46
O10381,2025-01-23,C1231,Yoga Mat - Standard,1,32.00
O10381,2025-01-23,C1231,Water Bottle 32oz,1,57.87
O10382,2025-01-23,C1376,Leggings - Black,1,24.59
O10383,2025-01-23,C1322,Massage Ball,1,47.52
O10383,2025-01-23,C1322,Gym Bag - Black,1,31.61
O10383,2025-01-23,C1322,Sports Bra,1,69.88
O10383,2025-01-23,C1322,Leggings - Black,1,24.59
O10384,2025-01-23,C1027,Resistance Bands Set,1,28.15
O10384,2025-01-23,C1027,Workout Towel,1,92.17
O10385,2025-01-23,C1092,Recovery Drink Mix,1,43.46
O10385,2025-01-23,C1092,Phone Armband,1,18.23
O10385,2025-01-23,C1092,Resistance Bands Set,1,28.15
O10386,2025-01-23,C1232,Recovery Drink Mix,2,43.46
O10386,2025-01-23,C1232,Massage Ball,1,47.52
O10387,2025-01-23,C1165,Recovery Drink Mix,1,43.46
O10387,2025-01-23,C1165,Foam Roller,1,52.28
O10388,2025-01-23,C1058,Pre-Workout,1,22.30
O10388,2025-01-23,C1058,Tank Top - Heather,1,36.20
O10388,2025-01-23,C1058,Yoga Block (pair),1,61.78
O10389,2025-01-23,C1261,Foam Roller,1,52.28
O10389,2025-01-23,C1261,Leggings - Black,1,24.59
O10390,2025-01-23,C1087,Protein Powder - Vanilla,1,42.00
O10390,2025-01-23,C1087,Resistance Bands Set,1,28.15
O10390,2025-01-23,C1087,Pre-Workout,1,22.30
O10390,2025-01-23,C1087,BCAA Powder,1,34.86
O10391,2025-01-23,C1320,Resistance Bands Set,3,28.15
O10392,2025-01-23,C1001,Workout Towel,1,92.17
O10392,2025-01-23,C1001,Yoga Mat - Cork,2,78.00
O10393,2025-01-23,C1278,Protein Powder - Chocolate,1,42.00
O10393,2025-01-23,C1278,Water Bottle 32oz,1,57.87
O10393,2025-01-23,C1278,BCAA Powder,1,34.86
O10394,2025-01-23,C1003,Phone Armband,1,18.23
O10395,2025-01-23,C1321,Massage Ball,1,47.52
O10395,2025-01-23,C1321,Yoga Mat - Standard,1,32.00
O10396,2025-01-23,C1178,Yoga Mat - Standard,1,32.00
O10397,2025-01-23,C1308,Yoga Block (pair),1,61.78
O10398,2025-01-23,C1213,Foam Roller,1,52.28
O10398,2025-01-23,C1213,BCAA Powder,1,34.86
O10398,2025-01-23,C1213,Gym Bag - Black,1,31.61
O10398,2025-01-23,C1213,Protein Powder - Chocolate,1,42.00
O10399,2025-01-24,C1383,Yoga Mat - Standard,1,32.00
O10399,2025-01-24,C1383,Yoga Strap,2,27.43
O10400,2025-01-24,C1034,Phone Armband,1,18.23
O10400,2025-01-24,C1034,Yoga Block (pair),1,61.78
O10400,2025-01-24,C1034,Gym Bag - Black,2,31.61
O10401,2025-01-24,C1168,Wireless Earbuds,1,64.99
O10401,2025-01-24,C1168,Phone Armband,1,18.23
O10402,2025-01-24,C1373,Wireless Earbuds,1,64.99
O10402,2025-01-24,C1373,Headband Set,1,81.11
O10402,2025-01-24,C1373,Protein Powder - Chocolate,1,42.00
O10402,2025-01-24,C1373,Recovery Drink Mix,2,43.46
O10402,2025-01-24,C1373,Phone Armband,1,18.23
O10403,2025-01-24,C1254,Pre-Workout,1,22.30
O10403,2025-01-24,C1254,Headband Set,1,81.11
O10404,2025-01-24,C1312,Gym Bag - Black,3,31.61
O10405,2025-01-24,C1000,Sports Bra,1,69.88
O10406,2025-01-24,C1060,Massage Ball,1,47.52
O10406,2025-01-24,C1060,Protein Powder - Chocolate,1,42.00
O10406,2025-01-24,C1060,Leggings - Olive,1,27.61
O10407,2025-01-24,C1326,Pre-Workout,1,22.30
O10408,2025-01-24,C1144,Yoga Block (pair),1,61.78
O10409,2025-01-24,C1259,Kettlebell 20lb,1,69.17
O10409,2025-01-24,C1259,Yoga Mat - Cork,1,78.00
O10410,2025-01-24,C1202,Protein Powder - Chocolate,2,42.00
O10410,2025-01-24,C1202,Foam Roller,1,52.28
O10410,2025-01-24,C1202,BCAA Powder,1,34.86
O10411,2025-01-24,C1018,Headband Set,1,81.11
O10411,2025-01-24,C1018,Resistance Bands Set,2,28.15
O10412,2025-01-24,C1274,Sports Bra,2,69.88
O10412,2025-01-24,C1274,Leggings - Olive,1,27.61
O10412,2025-01-24,C1274,Adjustable Dumbbells,1,189.00
O10412,2025-01-24,C1274,Yoga Mat - Standard,1,32.00
O10413,2025-01-24,C1274,Protein Powder - Vanilla,1,42.00
O10414,2025-01-24,C1181,Resistance Bands Set,1,28.15
O10415,2025-01-24,C1015,Leggings - Black,1,24.59
O10416,2025-01-24,C1084,Leggings - Black,2,24.59
O10416,2025-01-24,C1084,Sports Bra,1,69.88
O10417,2025-01-24,C1361,Recovery Drink Mix,1,43.46
O10417,2025-01-24,C1361,Yoga Mat - Standard,2,32.00
O10417,2025-01-24,C1361,Workout Towel,1,92.17
O10417,2025-01-24,C1361,Leggings - Olive,2,27.61
O10418,2025-01-24,C1154,Gym Bag - Black,1,31.61
O10419,2025-01-24,C1191,Kettlebell 20lb,1,69.17
O10419,2025-01-24,C1191,Massage Ball,1,47.52
O10419,2025-01-24,C1191,Yoga Block (pair),1,61.78
O10420,2025-01-24,C1256,Tank Top - Black,2,39.66
O10421,2025-01-25,C1158,Resistance Bands Set,1,28.15
O10421,2025-01-25,C1158,Yoga Strap,1,27.43
O10421,2025-01-25,C1158,Wireless Earbuds,1,64.99
O10422,2025-01-25,C1235,Wireless Earbuds,1,64.99
O10423,2025-01-25,C1159,BCAA Powder,1,34.86
O10423,2025-01-25,C1159,Protein Powder - Chocolate,1,42.00
O10423,2025-01-25,C1159,Yoga Block (pair),1,61.78
O10423,2025-01-25,C1159,Tank Top - Black,1,39.66
O10424,2025-01-25,C1159,Kettlebell 20lb,1,69.17
O10425,2025-01-25,C1107,Massage Ball,1,47.52
O10426,2025-01-25,C1272,Sports Bra,1,69.88
O10427,2025-01-25,C1139,Workout Towel,1,92.17
O10428,2025-01-25,C1318,Yoga Strap,1,27.43
O10428,2025-01-25,C1318,Massage Ball,1,47.52
O10429,2025-01-25,C1138,Recovery Drink Mix,2,43.46
O10430,2025-01-25,C1293,Yoga Block (pair),1,61.78
O10431,2025-01-25,C1173,Yoga Mat - Standard,2,32.00
O10431,2025-01-25,C1173,Yoga Strap,1,27.43
O10432,2025-01-25,C1196,Leggings - Olive,1,27.61
O10433,2025-01-25,C1360,Protein Powder - Vanilla,1,42.00
O10433,2025-01-25,C1360,Recovery Drink Mix,1,43.46
O10434,2025-01-25,C1159,Massage Ball,1,47.52
O10435,2025-01-25,C1343,Yoga Block (pair),1,61.78
O10435,2025-01-25,C1343,Kettlebell 20lb,1,69.17
O10436,2025-01-25,C1357,Sports Bra,1,69.88
O10436,2025-01-25,C1357,Gym Bag - Black,1,31.61
O10437,2025-01-25,C1238,Water Bottle 32oz,2,57.87
O10437,2025-01-25,C1238,Resistance Bands Set,1,28.15
O10438,2025-01-25,C1186,Recovery Drink Mix,2,43.46
O10439,2025-01-25,C1169,Tank Top - Black,1,39.66
O10439,2025-01-25,C1169,Sports Bra,1,69.88
O10439,2025-01-25,C1169,Headband Set,1,81.11
O10440,2025-01-25,C1236,Gym Bag - Black,1,31.61
O10440,2025-01-25,C1236,Kettlebell 20lb,1,69.17
O10440,2025-01-25,C1236,Tank Top - Heather,1,36.20
O10441,2025-01-25,C1365,Tank Top - Black,1,39.66
O10441,2025-01-25,C1365,Phone Armband,1,18.23
O10441,2025-01-25,C1365,Pre-Workout,1,22.30
O10442,2025-01-25,C1302,Protein Powder - Chocolate,3,42.00
O10442,2025-01-25,C1302,Pre-Workout,1,22.30
O10443,2025-01-25,C1174,Recovery Drink Mix,1,43.46
O10444,2025-01-25,C1222,Tank Top - Black,1,39.66
O10444,2025-01-25,C1222,Phone Armband,1,18.23
O10445,2025-01-26,C1378,Protein Powder - Vanilla,2,42.00
O10445,2025-01-26,C1378,Yoga Strap,1,27.43
O10445,2025-01-26,C1378,Sports Bra,3,69.88
O10445,2025-01-26,C1378,Pre-Workout,1,22.30
O10446,2025-01-26,C1055,Protein Powder - Chocolate,1,42.00
O10446,2025-01-26,C1055,Leggings - Black,1,24.59
O10447,2025-01-26,C1031,Resistance Bands Set,2,28.15
O10448,2025-01-26,C1386,Yoga Mat - Cork,1,78.00
O10448,2025-01-26,C1386,BCAA Powder,1,34.86
O10449,2025-01-26,C1199,Sports Bra,1,69.88
O10449,2025-01-26,C1199,Massage Ball,2,47.52
O10450,2025-01-26,C1153,BCAA Powder,2,34.86
O10450,2025-01-26,C1153,Gym Bag - Black,2,31.61
O10451,2025-01-26,C1367,Tank Top - Heather,3,36.20
O10451,2025-01-26,C1367,Yoga Block (pair),1,61.78
O10451,2025-01-26,C1367,Protein Powder - Vanilla,1,42.00
O10451,2025-01-26,C1367,Yoga Mat - Cork,1,78.00
O10451,2025-01-26,C1367,Protein Powder - Chocolate,1,42.00
O10452,2025-01-26,C1281,Yoga Mat - Cork,1,78.00
O10452,2025-01-26,C1281,Tank Top - Heather,1,36.20
O10452,2025-01-26,C1281,Yoga Strap,1,27.43
O10452,2025-01-26,C1281,Water Bottle 32oz,1,57.87
O10452,2025-01-26,C1281,Workout Towel,1,92.17
O10453,2025-01-26,C1088,Massage Ball,1,47.52
O10453,2025-01-26,C1088,Phone Armband,2,18.23
O10454,2025-01-26,C1213,BCAA Powder,1,34.86
O10455,2025-01-27,C1036,Resistance Bands Set,1,28.15
O10455,2025-01-27,C1036,Headband Set,3,81.11
O10456,2025-01-27,C1069,Pre-Workout,2,22.30
O10457,2025-01-27,C1233,Recovery Drink Mix,1,43.46
O10457,2025-01-27,C1233,Protein Powder - Chocolate,1,42.00
O10457,2025-01-27,C1233,Leggings - Olive,1,27.61
O10458,2025-01-27,C1230,Water Bottle 32oz,1,57.87
O10459,2025-01-27,C1309,Headband Set,2,81.11
O10460,2025-01-27,C1121,Workout Towel,1,92.17
O10460,2025-01-27,C1121,Leggings - Olive,1,27.61
O10460,2025-01-27,C1121,Phone Armband,1,18.23
O10461,2025-01-27,C1247,Yoga Strap,3,27.43
O10461,2025-01-27,C1247,Protein Powder - Vanilla,1,42.00
O10461,2025-01-27,C1247,Headband Set,1,81.11
O10462,2025-01-27,C1269,Kettlebell 20lb,1,69.17
O10462,2025-01-27,C1269,Workout Towel,2,92.17
O10462,2025-01-27,C1269,Sports Bra,1,69.88
O10462,2025-01-27,C1269,Wireless Earbuds,1,64.99
O10463,2025-01-28,C1350,Protein Powder - Vanilla,2,42.00
O10463,2025-01-28,C1350,Pre-Workout,1,22.30
O10464,2025-01-28,C1005,Wireless Earbuds,1,64.99
O10464,2025-01-28,C1005,Protein Powder - Vanilla,1,42.00
O10465,2025-01-28,C1150,Yoga Mat - Standard,1,32.00
O10466,2025-01-28,C1305,Adjustable Dumbbells,1,189.00
O10466,2025-01-28,C1305,Workout Towel,1,92.17
O10466,2025-01-28,C1305,Water Bottle 32oz,1,57.87
O10467,2025-01-28,C1149,Protein Powder - Chocolate,2,42.00
O10467,2025-01-28,C1149,BCAA Powder,1,34.86
O10467,2025-01-28,C1149,Pre-Workout,1,22.30
O10468,2025-01-28,C1143,Workout Towel,1,92.17
O10469,2025-01-28,C1057,Protein Powder - Vanilla,1,42.00
O10469,2025-01-28,C1057,BCAA Powder,2,34.86
O10470,2025-01-28,C1133,Water Bottle 32oz,1,57.87
O10470,2025-01-28,C1133,Headband Set,2,81.11
O10470,2025-01-28,C1133,Foam Roller,1,52.28
O10471,2025-01-28,C1043,Protein Powder - Chocolate,1,42.00
O10471,2025-01-28,C1043,Resistance Bands Set,1,28.15
O10471,2025-01-28,C1043,Kettlebell 20lb,1,69.17
O10471,2025-01-28,C1043,BCAA Powder,2,34.86
O10472,2025-01-28,C1027,Kettlebell 20lb,1,69.17
O10472,2025-01-28,C1027,Yoga Strap,1,27.43
O10473,2025-01-29,C1154,Kettlebell 20lb,1,69.17
O10473,2025-01-29,C1154,Phone Armband,1,18.23
O10474,2025-01-29,C1199,Resistance Bands Set,1,28.15
O10474,2025-01-29,C1199,Leggings - Olive,2,27.61
O10475,2025-01-29,C1229,Tank Top - Black,3,39.66
O10476,2025-01-29,C1349,Yoga Strap,1,27.43
O10476,2025-01-29,C1349,Phone Armband,1,18.23
O10476,2025-01-29,C1349,Pre-Workout,1,22.30
O10476,2025-01-29,C1349,Tank Top - Heather,1,36.20
O10476,2025-01-29,C1349,Leggings - Olive,2,27.61
O10477,2025-01-29,C1130,Leggings - Black,1,24.59
O10477,2025-01-29,C1130,Sports Bra,1,69.88
O10478,2025-01-29,C1099,BCAA Powder,3,34.86
O10478,2025-01-29,C1099,Recovery Drink Mix,1,43.46
O10479,2025-01-29,C1005,Yoga Block (pair),1,61.78
O10479,2025-01-29,C1005,Yoga Mat - Cork,1,78.00
O10480,2025-01-29,C1350,Water Bottle 32oz,1,57.87
O10480,2025-01-29,C1350,Adjustable Dumbbells,1,189.00
O10481,2025-01-29,C1012,Yoga Mat - Standard,2,32.00
O10481,2025-01-29,C1012,BCAA Powder,1,34.86
O10482,2025-01-29,C1306,Recovery Drink Mix,1,43.46
O10482,2025-01-29,C1306,Yoga Strap,1,27.43
O10483,2025-01-29,C1192,Pre-Workout,2,22.30
O10483,2025-01-29,C1192,Protein Powder - Vanilla,1,42.00
O10484,2025-01-29,C1056,Workout Towel,1,92.17
O10484,2025-01-29,C1056,Gym Bag - Black,2,31.61
O10485,2025-01-29,C1327,Workout Towel,1,92.17
O10485,2025-01-29,C1327,Kettlebell 20lb,2,69.17
O10486,2025-01-29,C1394,Workout Towel,1,92.17
O10486,2025-01-29,C1394,Foam Roller,1,52.28
O10486,2025-01-29,C1394,Kettlebell 20lb,1,69.17
O10487,2025-01-29,C1170,Workout Towel,1,92.17
O10487,2025-01-29,C1170,Foam Roller,2,52.28
O10487,2025-01-29,C1170,Sports Bra,1,69.88
O10487,2025-01-29,C1170,Yoga Block (pair),1,61.78
O10488,2025-01-29,C1251,Phone Armband,1,18.23
O10489,2025-01-29,C1111,Yoga Strap,1,27.43
O10489,2025-01-29,C1111,Sports Bra,1,69.88
O10490,2025-01-29,C1037,Adjustable Dumbbells,1,189.00
O10491,2025-01-29,C1228,Headband Set,1,81.11
O10492,2025-01-29,C1327,Yoga Mat - Standard,1,32.00
O10493,2025-01-29,C1136,Tank Top - Black,2,39.66
O10494,2025-01-29,C1294,Recovery Drink Mix,2,43.46
O10495,2025-01-29,C1251,Leggings - Black,2,24.59
O10495,2025-01-29,C1251,Kettlebell 20lb,1,69.17
O10496,2025-01-30,C1001,Recovery Drink Mix,2,43.46
O10497,2025-01-30,C1246,Phone Armband,2,18.23
O10498,2025-01-30,C1183,Gym Bag - Black,1,31.61
O10499,2025-01-30,C1323,Pre-Workout,1,22.30
O10499,2025-01-30,C1323,Yoga Block (pair),1,61.78
O10499,2025-01-30,C1323,Tank Top - Heather,1,36.20
O10499,2025-01-30,C1323,Phone Armband,1,18.23
O10499,2025-01-30,C1323,Tank Top - Black,1,39.66
O10500,2025-01-30,C1020,BCAA Powder,2,34.86
O10500,2025-01-30,C1020,Massage Ball,1,47.52
O10500,2025-01-30,C1020,Gym Bag - Black,1,31.61
O10500,2025-01-30,C1020,Recovery Drink Mix,1,43.46
O10500,2025-01-30,C1020,Leggings - Black,1,24.59
O10501,2025-01-30,C1376,Yoga Mat - Standard,1,32.00
O10502,2025-01-30,C1368,Water Bottle 32oz,1,57.87
O10502,2025-01-30,C1368,Headband Set,1,81.11
O10502,2025-01-30,C1368,Leggings - Black,3,24.59
O10502,2025-01-30,C1368,Yoga Block (pair),2,61.78
O10502,2025-01-30,C1368,Phone Armband,3,18.23
O10503,2025-01-30,C1008,Yoga Mat - Standard,1,32.00
O10504,2025-01-30,C1369,Yoga Strap,1,27.43
O10505,2025-01-30,C1334,Sports Bra,2,69.88
O10505,2025-01-30,C1334,BCAA Powder,1,34.86
O10506,2025-01-30,C1379,Yoga Block (pair),1,61.78
O10506,2025-01-30,C1379,Yoga Mat - Standard,1,32.00
O10507,2025-01-30,C1009,Protein Powder - Chocolate,1,42.00
O10507,2025-01-30,C1009,Pre-Workout,1,22.30
O10508,2025-01-30,C1157,Yoga Strap,1,27.43
O10508,2025-01-30,C1157,Sports Bra,1,69.88
O10508,2025-01-30,C1157,Protein Powder - Chocolate,2,42.00
O10509,2025-01-30,C1054,Protein Powder - Chocolate,1,42.00
O10510,2025-01-30,C1112,Massage Ball,1,47.52
O10511,2025-01-31,C1166,BCAA Powder,1,34.86
O10512,2025-01-31,C1070,Massage Ball,1,47.52
O10513,2025-01-31,C1303,Yoga Block (pair),1,61.78
O10514,2025-01-31,C1072,Foam Roller,1,52.28
O10514,2025-01-31,C1072,Recovery Drink Mix,1,43.46
O10514,2025-01-31,C1072,Tank Top - Heather,2,36.20
O10515,2025-01-31,C1020,Pre-Workout,1,22.30
O10516,2025-01-31,C1398,Headband Set,1,81.11
O10517,2025-01-31,C1003,Yoga Block (pair),1,61.78
O10518,2025-01-31,C1303,Leggings - Olive,1,27.61
O10518,2025-01-31,C1303,Kettlebell 20lb,1,69.17
O10518,2025-01-31,C1303,Sports Bra,2,69.88
O10518,2025-01-31,C1303,Tank Top - Heather,1,36.20
O10519,2025-01-31,C1019,Recovery Drink Mix,1,43.46
O10519,2025-01-31,C1019,Headband Set,1,81.11
O10520,2025-01-31,C1400,Leggings - Olive,1,27.61
O10521,2025-01-31,C1120,Wireless Earbuds,3,64.99
O10522,2025-01-31,C1316,Kettlebell 20lb,3,69.17
O10523,2025-01-31,C1259,Kettlebell 20lb,1,69.17
O10524,2025-01-31,C1106,Massage Ball,1,47.52
O10525,2025-01-31,C1076,Headband Set,1,81.11
O10526,2025-01-31,C1343,Yoga Mat - Standard,1,32.00
O10526,2025-01-31,C1343,Gym Bag - Black,1,31.61
O10526,2025-01-31,C1343,Yoga Strap,2,27.43
O10526,2025-01-31,C1343,Yoga Block (pair),1,61.78
O10527,2025-01-31,C1014,Yoga Strap,2,27.43
O10527,2025-01-31,C1014,Yoga Block (pair),1,61.78
O10528,2025-01-31,C1303,Leggings - Olive,1,27.61
O10528,2025-01-31,C1303,Tank Top - Heather,1,36.20
O10529,2025-01-31,C1116,Adjustable Dumbbells,1,189.00
O10530,2025-01-31,C1102,Water Bottle 32oz,1,57.87
O10531,2025-02-01,C1027,Resistance Bands Set,1,28.15
O10531,2025-02-01,C1027,Workout Towel,1,92.17
O10531,2025-02-01,C1027,Foam Roller,1,52.28
O10531,2025-02-01,C1027,Adjustable Dumbbells,1,189.00
O10532,2025-02-01,C1016,Yoga Mat - Standard,2,32.00
O10532,2025-02-01,C1016,Yoga Block (pair),1,61.78
O10533,2025-02-01,C1087,Water Bottle 32oz,1,57.87
O10533,2025-02-01,C1087,Gym Bag - Black,1,31.61
O10533,2025-02-01,C1087,Protein Powder - Chocolate,3,42.00
O10534,2025-02-01,C1087,Phone Armband,1,18.23
O10534,2025-02-01,C1087,Water Bottle 32oz,2,57.87
O10535,2025-02-01,C1250,Massage Ball,1,47.52
O10535,2025-02-01,C1250,Protein Powder - Vanilla,1,42.00
O10535,2025-02-01,C1250,Headband Set,1,81.11
O10535,2025-02-01,C1250,Sports Bra,1,69.88
O10536,2025-02-01,C1167,Water Bottle 32oz,2,57.87
O10536,2025-02-01,C1167,Protein Powder - Vanilla,2,42.00
O10537,2025-02-01,C1002,Yoga Mat - Standard,1,32.00
O10537,2025-02-01,C1002,Yoga Strap,1,27.43
O10538,2025-02-01,C1217,Headband Set,2,81.11
O10538,2025-02-01,C1217,Recovery Drink Mix,1,43.46
O10539,2025-02-01,C1123,Kettlebell 20lb,1,69.17
O10540,2025-02-01,C1374,Massage Ball,1,47.52
O10540,2025-02-01,C1374,Resistance Bands Set,1,28.15
O10541,2025-02-01,C1046,BCAA Powder,1,34.86
O10542,2025-02-01,C1360,Protein Powder - Vanilla,3,42.00
O10542,2025-02-01,C1360,Yoga Mat - Cork,1,78.00
O10543,2025-02-01,C1070,Leggings - Black,1,24.59
O10543,2025-02-01,C1070,Tank Top - Black,2,39.66
O10543,2025-02-01,C1070,Recovery Drink Mix,1,43.46
O10543,2025-02-01,C1070,Pre-Workout,1,22.30
O10544,2025-02-01,C1218,Recovery Drink Mix,1,43.46
O10544,2025-02-01,C1218,Protein Powder - Chocolate,1,42.00
O10544,2025-02-01,C1218,Phone Armband,1,18.23
O10545,2025-02-01,C1317,Adjustable Dumbbells,1,189.00
O10545,2025-02-01,C1317,Wireless Earbuds,1,64.99
O10545,2025-02-01,C1317,BCAA Powder,1,34.86
O10545,2025-02-01,C1317,Workout Towel,1,92.17
O10546,2025-02-01,C1089,Recovery Drink Mix,1,43.46
O10546,2025-02-01,C1089,Yoga Block (pair),1,61.78
O10547,2025-02-01,C1070,Water Bottle 32oz,1,57.87
O10547,2025-02-01,C1070,Phone Armband,1,18.23
O10547,2025-02-01,C1070,Yoga Strap,2,27.43
O10547,2025-02-01,C1070,Pre-Workout,1,22.30
O10547,2025-02-01,C1070,Headband Set,1,81.11
O10548,2025-02-01,C1389,Tank Top - Heather,2,36.20
O10549,2025-02-01,C1257,Workout Towel,1,92.17
O10549,2025-02-01,C1257,Yoga Mat - Standard,1,32.00
O10550,2025-02-01,C1248,Yoga Strap,1,27.43
O10550,2025-02-01,C1248,Headband Set,1,81.11
O10551,2025-02-01,C1272,Sports Bra,2,69.88
O10551,2025-02-01,C1272,Protein Powder - Chocolate,2,42.00
O10551,2025-02-01,C1272,Tank Top - Heather,2,36.20
O10551,2025-02-01,C1272,BCAA Powder,1,34.86
O10552,2025-02-01,C1234,Leggings - Black,2,24.59
O10553,2025-02-01,C1147,Yoga Block (pair),1,61.78
O10553,2025-02-01,C1147,Yoga Strap,1,27.43
O10553,2025-02-01,C1147,Foam Roller,2,52.28
O10553,2025-02-01,C1147,Workout Towel,1,92.17
O10554,2025-02-02,C1150,BCAA Powder,2,34.86
O10554,2025-02-02,C1150,Phone Armband,1,18.23
O10555,2025-02-02,C1215,Pre-Workout,1,22.30
O10555,2025-02-02,C1215,Yoga Mat - Cork,1,78.00
O10556,2025-02-02,C1118,Wireless Earbuds,1,64.99
O10556,2025-02-02,C1118,Leggings - Olive,1,27.61
O10556,2025-02-02,C1118,Pre-Workout,1,22.30
O10557,2025-02-02,C1356,Phone Armband,1,18.23
O10557,2025-02-02,C1356,Sports Bra,1,69.88
O10558,2025-02-02,C1156,Workout Towel,1,92.17
O10559,2025-02-02,C1190,Kettlebell 20lb,1,69.17
O10559,2025-02-02,C1190,Yoga Mat - Standard,1,32.00
O10559,2025-02-02,C1190,Resistance Bands Set,2,28.15
O10559,2025-02-02,C1190,Tank Top - Heather,1,36.20
O10559,2025-02-02,C1190,Gym Bag - Black,1,31.61
O10560,2025-02-02,C1089,Recovery Drink Mix,1,43.46
O10560,2025-02-02,C1089,BCAA Powder,1,34.86
O10560,2025-02-02,C1089,Resistance Bands Set,3,28.15
O10561,2025-02-02,C1294,Workout Towel,1,92.17
O10562,2025-02-03,C1287,BCAA Powder,1,34.86
O10562,2025-02-03,C1287,Tank Top - Black,1,39.66
O10562,2025-02-03,C1287,Tank Top - Heather,3,36.20
O10563,2025-02-03,C1273,Yoga Mat - Cork,1,78.00
O10564,2025-02-03,C1255,Sports Bra,1,69.88
O10564,2025-02-03,C1255,Tank Top - Black,1,39.66
O10564,2025-02-03,C1255,Resistance Bands Set,3,28.15
O10565,2025-02-03,C1169,Gym Bag - Black,2,31.61
O10565,2025-02-03,C1169,Headband Set,3,81.11
O10566,2025-02-03,C1386,Protein Powder - Vanilla,1,42.00
O10566,2025-02-03,C1386,Sports Bra,1,69.88
O10566,2025-02-03,C1386,Pre-Workout,1,22.30
O10566,2025-02-03,C1386,Yoga Mat - Standard,1,32.00
O10567,2025-02-03,C1112,Yoga Block (pair),1,61.78
O10567,2025-02-03,C1112,Tank Top - Black,1,39.66
O10568,2025-02-03,C1298,Kettlebell 20lb,1,69.17
O10568,2025-02-03,C1298,Workout Towel,1,92.17
O10569,2025-02-03,C1228,Yoga Block (pair),1,61.78
O10569,2025-02-03,C1228,Wireless Earbuds,1,64.99
O10570,2025-02-03,C1308,Yoga Mat - Standard,1,32.00
O10570,2025-02-03,C1308,Tank Top - Heather,1,36.20
O10571,2025-02-03,C1218,Tank Top - Heather,1,36.20
O10572,2025-02-03,C1176,Sports Bra,2,69.88
O10573,2025-02-03,C1044,Sports Bra,1,69.88
O10574,2025-02-03,C1212,Gym Bag - Black,3,31.61
O10574,2025-02-03,C1212,Foam Roller,1,52.28
O10574,2025-02-03,C1212,Adjustable Dumbbells,2,189.00
O10575,2025-02-03,C1071,Protein Powder - Chocolate,1,42.00
O10575,2025-02-03,C1071,Pre-Workout,3,22.30
O10575,2025-02-03,C1071,BCAA Powder,1,34.86
O10576,2025-02-04,C1003,Workout Towel,1,92.17
O10576,2025-02-04,C1003,Leggings - Olive,1,27.61
O10577,2025-02-04,C1290,Resistance Bands Set,1,28.15
O10577,2025-02-04,C1290,Workout Towel,2,92.17
O10577,2025-02-04,C1290,Foam Roller,2,52.28
O10578,2025-02-04,C1155,Adjustable Dumbbells,1,189.00
O10578,2025-02-04,C1155,Workout Towel,1,92.17
O10579,2025-02-04,C1153,Pre-Workout,2,22.30
O10579,2025-02-04,C1153,Headband Set,1,81.11
O10579,2025-02-04,C1153,Yoga Strap,1,27.43
O10579,2025-02-04,C1153,BCAA Powder,1,34.86
O10580,2025-02-04,C1125,Kettlebell 20lb,1,69.17
O10581,2025-02-04,C1034,Tank Top - Heather,1,36.20
O10581,2025-02-04,C1034,Protein Powder - Vanilla,1,42.00
O10582,2025-02-04,C1132,Headband Set,2,81.11
O10582,2025-02-04,C1132,Recovery Drink Mix,1,43.46
O10583,2025-02-04,C1375,Workout Towel,1,92.17
O10583,2025-02-04,C1375,Foam Roller,1,52.28
O10584,2025-02-04,C1236,Resistance Bands Set,1,28.15
O10584,2025-02-04,C1236,Foam Roller,1,52.28
O10584,2025-02-04,C1236,Workout Towel,1,92.17
O10584,2025-02-04,C1236,Tank Top - Heather,1,36.20
O10585,2025-02-04,C1099,Foam Roller,1,52.28
O10585,2025-02-04,C1099,Kettlebell 20lb,1,69.17
O10585,2025-02-04,C1099,Yoga Strap,1,27.43
O10586,2025-02-05,C1350,Workout Towel,1,92.17
O10586,2025-02-05,C1350,BCAA Powder,1,34.86
O10586,2025-02-05,C1350,Recovery Drink Mix,1,43.46
O10587,2025-02-05,C1073,Wireless Earbuds,1,64.99
O10588,2025-02-05,C1398,Tank Top - Black,1,39.66
O10588,2025-02-05,C1398,Foam Roller,1,52.28
O10589,2025-02-05,C1113,Phone Armband,2,18.23
O10589,2025-02-05,C1113,Protein Powder - Chocolate,1,42.00
O10589,2025-02-05,C1113,Recovery Drink Mix,1,43.46
O10590,2025-02-05,C1282,Yoga Strap,2,27.43
O10590,2025-02-05,C1282,Leggings - Olive,1,27.61
O10590,2025-02-05,C1282,Sports Bra,1,69.88
O10591,2025-02-05,C1008,Gym Bag - Black,1,31.61
O10591,2025-02-05,C1008,Recovery Drink Mix,2,43.46
O10592,2025-02-05,C1305,Tank Top - Black,1,39.66
O10592,2025-02-05,C1305,Foam Roller,1,52.28
O10593,2025-02-05,C1060,Recovery Drink Mix,1,43.46
O10594,2025-02-05,C1116,Massage Ball,1,47.52
O10595,2025-02-05,C1040,Kettlebell 20lb,1,69.17
O10595,2025-02-05,C1040,Yoga Strap,1,27.43
O10596,2025-02-05,C1387,Massage Ball,1,47.52
O10596,2025-02-05,C1387,Yoga Strap,1,27.43
O10597,2025-02-05,C1303,Yoga Strap,2,27.43
O10598,2025-02-05,C1022,BCAA Powder,1,34.86
O10599,2025-02-05,C1049,Protein Powder - Chocolate,1,42.00
O10599,2025-02-05,C1049,Pre-Workout,1,22.30
O10599,2025-02-05,C1049,BCAA Powder,1,34.86
O10600,2025-02-05,C1142,Tank Top - Heather,1,36.20
O10600,2025-02-05,C1142,Foam Roller,1,52.28
O10600,2025-02-05,C1142,Wireless Earbuds,1,64.99
O10601,2025-02-05,C1034,Protein Powder - Vanilla,1,42.00
O10602,2025-02-05,C1270,Massage Ball,3,47.52
O10603,2025-02-05,C1087,Phone Armband,2,18.23
O10603,2025-02-05,C1087,Yoga Mat - Cork,2,78.00
O10603,2025-02-05,C1087,Adjustable Dumbbells,2,189.00
O10603,2025-02-05,C1087,Yoga Strap,1,27.43
O10604,2025-02-06,C1225,Yoga Strap,2,27.43
O10604,2025-02-06,C1225,Foam Roller,3,52.28
O10605,2025-02-06,C1217,Water Bottle 32oz,1,57.87
O10606,2025-02-06,C1389,Yoga Strap,1,27.43
O10606,2025-02-06,C1389,Sports Bra,1,69.88
O10606,2025-02-06,C1389,Wireless Earbuds,1,64.99
O10606,2025-02-06,C1389,Resistance Bands Set,1,28.15
O10607,2025-02-06,C1042,Yoga Strap,1,27.43
O10608,2025-02-06,C1233,Gym Bag - Black,3,31.61
O10608,2025-02-06,C1233,BCAA Powder,1,34.86
O10609,2025-02-06,C1283,Leggings - Olive,2,27.61
O10609,2025-02-06,C1283,Sports Bra,2,69.88
O10610,2025-02-06,C1347,Yoga Mat - Cork,3,78.00
O10611,2025-02-06,C1251,Leggings - Black,1,24.59
O10611,2025-02-06,C1251,Sports Bra,1,69.88
O10612,2025-02-06,C1355,Yoga Strap,2,27.43
O10612,2025-02-06,C1355,Adjustable Dumbbells,3,189.00
O10613,2025-02-06,C1033,Massage Ball,1,47.52
O10614,2025-02-06,C1304,Leggings - Black,1,24.59
O10614,2025-02-06,C1304,Tank Top - Black,1,39.66
O10614,2025-02-06,C1304,Workout Towel,1,92.17
O10615,2025-02-06,C1387,Pre-Workout,1,22.30
O10615,2025-02-06,C1387,Leggings - Black,1,24.59
O10615,2025-02-06,C1387,Tank Top - Heather,1,36.20
O10616,2025-02-06,C1248,Resistance Bands Set,1,28.15
O10616,2025-02-06,C1248,Yoga Strap,1,27.43
O10617,2025-02-07,C1321,Yoga Mat - Cork,1,78.00
O10617,2025-02-07,C1321,Yoga Block (pair),1,61.78
O10617,2025-02-07,C1321,Headband Set,1,81.11
O10617,2025-02-07,C1321,Foam Roller,1,52.28
O10618,2025-02-07,C1049,BCAA Powder,1,34.86
O10618,2025-02-07,C1049,Kettlebell 20lb,1,69.17
O10618,2025-02-07,C1049,Wireless Earbuds,1,64.99
O10619,2025-02-07,C1338,Wireless Earbuds,2,64.99
O10619,2025-02-07,C1338,Headband Set,1,81.11
O10620,2025-02-07,C1009,Yoga Mat - Standard,1,32.00
O10620,2025-02-07,C1009,Yoga Strap,1,27.43
O10620,2025-02-07,C1009,Yoga Block (pair),1,61.78
O10620,2025-02-07,C1009,Sports Bra,2,69.88
O10621,2025-02-07,C1084,Resistance Bands Set,1,28.15
O10621,2025-02-07,C1084,Workout Towel,1,92.17
O10622,2025-02-07,C1345,Phone Armband,1,18.23
O10622,2025-02-07,C1345,BCAA Powder,1,34.86
O10623,2025-02-07,C1287,Wireless Earbuds,1,64.99
O10623,2025-02-07,C1287,Headband Set,1,81.11
O10623,2025-02-07,C1287,Phone Armband,1,18.23
O10623,2025-02-07,C1287,Tank Top - Heather,1,36.20
O10624,2025-02-07,C1065,Tank Top - Heather,1,36.20
O10624,2025-02-07,C1065,Adjustable Dumbbells,2,189.00
O10624,2025-02-07,C1065,Protein Powder - Vanilla,1,42.00
O10625,2025-02-07,C1049,Tank Top - Heather,1,36.20
O10625,2025-02-07,C1049,Leggings - Olive,1,27.61
O10626,2025-02-07,C1126,Gym Bag - Black,1,31.61
O10627,2025-02-07,C1352,Gym Bag - Black,1,31.61
O10628,2025-02-07,C1086,Tank Top - Black,1,39.66
O10629,2025-02-07,C1336,Protein Powder - Vanilla,3,42.00
O10629,2025-02-07,C1336,Leggings - Olive,1,27.61
O10629,2025-02-07,C1336,Recovery Drink Mix,1,43.46
O10629,2025-02-07,C1336,Pre-Workout,1,22.30
O10630,2025-02-07,C1250,BCAA Powder,1,34.86
O10631,2025-02-07,C1254,Kettlebell 20lb,1,69.17
O10631,2025-02-07,C1254,BCAA Powder,1,34.86
O10632,2025-02-08,C1223,Pre-Workout,2,22.30
O10633,2025-02-08,C1038,Phone Armband,1,18.23
O10633,2025-02-08,C1038,Massage Ball,1,47.52
O10633,2025-02-08,C1038,Gym Bag - Black,1,31.61
O10634,2025-02-08,C1115,Yoga Block (pair),2,61.78
O10634,2025-02-08,C1115,Recovery Drink Mix,1,43.46
O10635,2025-02-08,C1172,Protein Powder - Vanilla,2,42.00
O10636,2025-02-08,C1243,Tank Top - Heather,1,36.20
O10636,2025-02-08,C1243,Yoga Block (pair),1,61.78
O10637,2025-02-08,C1153,Phone Armband,1,18.23
O10637,2025-02-08,C1153,Tank Top - Black,1,39.66
O10638,2025-02-08,C1319,BCAA Powder,1,34.86
O10638,2025-02-08,C1319,Kettlebell 20lb,2,69.17
O10639,2025-02-08,C1321,Foam Roller,1,52.28
O10639,2025-02-08,C1321,Protein Powder - Vanilla,3,42.00
O10639,2025-02-08,C1321,Headband Set,1,81.11
O10640,2025-02-08,C1239,Pre-Workout,1,22.30
O10641,2025-02-08,C1314,Leggings - Olive,1,27.61
O10641,2025-02-08,C1314,Adjustable Dumbbells,1,189.00
O10641,2025-02-08,C1314,Wireless Earbuds,1,64.99
O10641,2025-02-08,C1314,Tank Top - Heather,1,36.20
O10642,2025-02-08,C1222,Yoga Block (pair),1,61.78
O10642,2025-02-08,C1222,Pre-Workout,1,22.30
O10643,2025-02-08,C1146,Workout Towel,1,92.17
O10643,2025-02-08,C1146,BCAA Powder,1,34.86
O10644,2025-02-08,C1058,Yoga Mat - Cork,1,78.00
O10645,2025-02-08,C1158,Phone Armband,1,18.23
O10645,2025-02-08,C1158,Leggings - Olive,2,27.61
O10646,2025-02-08,C1103,Resistance Bands Set,1,28.15
O10647,2025-02-08,C1142,Foam Roller,2,52.28
O10647,2025-02-08,C1142,Pre-Workout,3,22.30
O10648,2025-02-08,C1248,Yoga Mat - Standard,2,32.00
O10648,2025-02-08,C1248,Yoga Block (pair),2,61.78
O10648,2025-02-08,C1248,Yoga Strap,1,27.43
O10649,2025-02-08,C1186,Yoga Block (pair),2,61.78
O10649,2025-02-08,C1186,Leggings - Black,1,24.59
O10650,2025-02-08,C1071,Protein Powder - Vanilla,1,42.00
O10651,2025-02-09,C1267,Protein Powder - Vanilla,1,42.00
O10651,2025-02-09,C1267,Wireless Earbuds,2,64.99
O10652,2025-02-09,C1121,Kettlebell 20lb,1,69.17
O10652,2025-02-09,C1121,Tank Top - Black,1,39.66
O10653,2025-02-09,C1199,Adjustable Dumbbells,1,189.00
O10653,2025-02-09,C1199,Water Bottle 32oz,3,57.87
O10653,2025-02-09,C1199,Workout Towel,1,92.17
O10654,2025-02-09,C1130,Yoga Mat - Standard,1,32.00
O10654,2025-02-09,C1130,Yoga Strap,1,27.43
O10654,2025-02-09,C1130,Yoga Block (pair),1,61.78
O10655,2025-02-09,C1074,Recovery Drink Mix,1,43.46
O10656,2025-02-09,C1157,Protein Powder - Chocolate,1,42.00
O10657,2025-02-09,C1378,Yoga Mat - Standard,1,32.00
O10657,2025-02-09,C1378,BCAA Powder,1,34.86
O10658,2025-02-09,C1158,Recovery Drink Mix,2,43.46
O10658,2025-02-09,C1158,Tank Top - Heather,1,36.20
O10659,2025-02-09,C1273,Sports Bra,2,69.88
O10659,2025-02-09,C1273,Leggings - Black,2,24.59
O10659,2025-02-09,C1273,Yoga Mat - Cork,1,78.00
O10660,2025-02-09,C1387,Massage Ball,2,47.52
O10661,2025-02-09,C1082,Pre-Workout,1,22.30
O10661,2025-02-09,C1082,Tank Top - Black,1,39.66
O10661,2025-02-09,C1082,Kettlebell 20lb,2,69.17
O10662,2025-02-10,C1241,Tank Top - Black,2,39.66
O10662,2025-02-10,C1241,Recovery Drink Mix,2,43.46
O10662,2025-02-10,C1241,Leggings - Olive,2,27.61
O10663,2025-02-10,C1357,Yoga Block (pair),1,61.78
O10664,2025-02-10,C1308,Phone Armband,1,18.23
O10664,2025-02-10,C1308,Adjustable Dumbbells,1,189.00
O10664,2025-02-10,C1308,Tank Top - Black,1,39.66
O10665,2025-02-10,C1328,Sports Bra,1,69.88
O10666,2025-02-10,C1069,Massage Ball,1,47.52
O10667,2025-02-10,C1160,Yoga Strap,1,27.43
O10667,2025-02-10,C1160,Foam Roller,1,52.28
O10668,2025-02-10,C1393,Kettlebell 20lb,1,69.17
O10668,2025-02-10,C1393,Resistance Bands Set,1,28.15
O10668,2025-02-10,C1393,Protein Powder - Chocolate,1,42.00
O10669,2025-02-10,C1244,Resistance Bands Set,1,28.15
O10669,2025-02-10,C1244,Workout Towel,2,92.17
O10669,2025-02-10,C1244,Massage Ball,2,47.52
O10669,2025-02-10,C1244,Foam Roller,2,52.28
O10670,2025-02-10,C1114,Yoga Mat - Cork,2,78.00
O10671,2025-02-10,C1331,Water Bottle 32oz,3,57.87
O10671,2025-02-10,C1331,Yoga Block (pair),1,61.78
O10672,2025-02-10,C1359,Yoga Mat - Standard,1,32.00
O10672,2025-02-10,C1359,Yoga Strap,1,27.43
O10672,2025-02-10,C1359,Resistance Bands Set,1,28.15
O10672,2025-02-10,C1359,Yoga Block (pair),1,61.78
O10673,2025-02-10,C1395,Sports Bra,1,69.88
O10673,2025-02-10,C1395,BCAA Powder,1,34.86
O10673,2025-02-10,C1395,Headband Set,2,81.11
O10673,2025-02-10,C1395,Yoga Strap,2,27.43
O10674,2025-02-10,C1136,Headband Set,1,81.11
O10675,2025-02-10,C1220,Protein Powder - Chocolate,1,42.00
O10675,2025-02-10,C1220,BCAA Powder,1,34.86
O10675,2025-02-10,C1220,Massage Ball,3,47.52
O10675,2025-02-10,C1220,Pre-Workout,1,22.30
O10676,2025-02-10,C1230,Tank Top - Heather,1,36.20
O10676,2025-02-10,C1230,Protein Powder - Vanilla,1,42.00
O10676,2025-02-10,C1230,BCAA Powder,1,34.86
O10676,2025-02-10,C1230,Pre-Workout,1,22.30
O10677,2025-02-10,C1354,Massage Ball,1,47.52
O10678,2025-02-10,C1362,Protein Powder - Chocolate,1,42.00
O10678,2025-02-10,C1362,Pre-Workout,1,22.30
O10679,2025-02-10,C1120,Tank Top - Heather,2,36.20
O10679,2025-02-10,C1120,Protein Powder - Chocolate,3,42.00
O10680,2025-02-10,C1306,Yoga Mat - Standard,1,32.00
O10680,2025-02-10,C1306,Yoga Strap,1,27.43
O10680,2025-02-10,C1306,Yoga Block (pair),2,61.78
O10681,2025-02-10,C1021,Workout Towel,1,92.17
O10681,2025-02-10,C1021,Foam Roller,2,52.28
O10682,2025-02-10,C1239,Tank Top - Black,1,39.66
O10683,2025-02-10,C1221,Yoga Strap,1,27.43
O10684,2025-02-10,C1065,Workout Towel,1,92.17
O10684,2025-02-10,C1065,Adjustable Dumbbells,1,189.00
O10685,2025-02-11,C1313,Workout Towel,1,92.17
O10685,2025-02-11,C1313,Wireless Earbuds,1,64.99
O10685,2025-02-11,C1313,Tank Top - Black,1,39.66
O10686,2025-02-11,C1251,Resistance Bands Set,1,28.15
O10686,2025-02-11,C1251,BCAA Powder,1,34.86
O10686,2025-02-11,C1251,Sports Bra,1,69.88
O10687,2025-02-11,C1018,Foam Roller,1,52.28
O10687,2025-02-11,C1018,Recovery Drink Mix,1,43.46
O10688,2025-02-11,C1253,Tank Top - Heather,3,36.20
O10689,2025-02-11,C1287,Headband Set,2,81.11
O10689,2025-02-11,C1287,Yoga Strap,2,27.43
O10690,2025-02-11,C1063,Massage Ball,2,47.52
O10691,2025-02-11,C1092,Adjustable Dumbbells,1,189.00
O10691,2025-02-11,C1092,Workout Towel,1,92.17
O10691,2025-02-11,C1092,BCAA Powder,3,34.86
O10692,2025-02-11,C1269,Foam Roller,1,52.28
O10692,2025-02-11,C1269,Leggings - Olive,1,27.61
O10692,2025-02-11,C1269,Yoga Block (pair),1,61.78
O10693,2025-02-11,C1168,BCAA Powder,3,34.86
O10694,2025-02-11,C1062,Protein Powder - Vanilla,2,42.00
O10695,2025-02-11,C1054,Resistance Bands Set,1,28.15
O10695,2025-02-11,C1054,Workout Towel,1,92.17
O10695,2025-02-11,C1054,BCAA Powder,1,34.86
O10696,2025-02-11,C1336,Yoga Mat - Standard,1,32.00
O10697,2025-02-11,C1231,Adjustable Dumbbells,3,189.00
O10698,2025-02-11,C1291,Yoga Mat - Standard,2,32.00
O10699,2025-02-11,C1144,Yoga Mat - Standard,1,32.00
O10700,2025-02-11,C1280,Leggings - Black,1,24.59
O10700,2025-02-11,C1280,Tank Top - Black,1,39.66
O10700,2025-02-11,C1280,Sports Bra,3,69.88
O10700,2025-02-11,C1280,Massage Ball,1,47.52
O10700,2025-02-11,C1280,Kettlebell 20lb,1,69.17
O10701,2025-02-12,C1376,Gym Bag - Black,1,31.61
O10701,2025-02-12,C1376,BCAA Powder,1,34.86
O10701,2025-02-12,C1376,Protein Powder - Chocolate,2,42.00
O10702,2025-02-12,C1262,Sports Bra,2,69.88
O10703,2025-02-12,C1243,Protein Powder - Chocolate,1,42.00
O10704,2025-02-12,C1387,Tank Top - Heather,1,36.20
O10704,2025-02-12,C1387,Protein Powder - Chocolate,1,42.00
O10705,2025-02-12,C1047,Tank Top - Black,3,39.66
O10706,2025-02-12,C1346,BCAA Powder,1,34.86
O10707,2025-02-12,C1253,Pre-Workout,1,22.30
O10707,2025-02-12,C1253,Wireless Earbuds,1,64.99
O10708,2025-02-12,C1040,Headband Set,1,81.11
O10708,2025-02-12,C1040,Gym Bag - Black,1,31.61
O10708,2025-02-12,C1040,Resistance Bands Set,1,28.15
O10709,2025-02-12,C1218,Yoga Mat - Standard,1,32.00
O10710,2025-02-12,C1023,Wireless Earbuds,1,64.99
O10710,2025-02-12,C1023,Phone Armband,1,18.23
O10711,2025-02-12,C1129,Protein Powder - Vanilla,1,42.00
O10712,2025-02-12,C1257,Adjustable Dumbbells,1,189.00
O10713,2025-02-12,C1091,Leggings - Black,1,24.59
O10713,2025-02-12,C1091,Tank Top - Black,1,39.66
O10713,2025-02-12,C1091,Gym Bag - Black,1,31.61
O10714,2025-02-12,C1230,Workout Towel,3,92.17
O10714,2025-02-12,C1230,Tank Top - Black,2,39.66
O10715,2025-02-12,C1095,Yoga Block (pair),1,61.78
O10716,2025-02-12,C1309,BCAA Powder,1,34.86
O10717,2025-02-12,C1273,Leggings - Black,1,24.59
O10718,2025-02-12,C1087,Sports Bra,1,69.88
O10718,2025-02-12,C1087,Recovery Drink Mix,1,43.46
O10719,2025-02-12,C1381,Headband Set,1,81.11
O10719,2025-02-12,C1381,Gym Bag - Black,3,31.61
O10720,2025-02-12,C1184,Recovery Drink Mix,1,43.46
O10720,2025-02-12,C1184,BCAA Powder,1,34.86
O10721,2025-02-12,C1064,Massage Ball,1,47.52
O10722,2025-02-13,C1356,Yoga Mat - Cork,1,78.00
O10722,2025-02-13,C1356,Workout Towel,1,92.17
O10722,2025-02-13,C1356,Yoga Block (pair),1,61.78
O10722,2025-02-13,C1356,Yoga Strap,1,27.43
O10722,2025-02-13,C1356,Kettlebell 20lb,1,69.17
O10723,2025-02-13,C1359,Headband Set,1,81.11
O10724,2025-02-13,C1230,Massage Ball,1,47.52
O10724,2025-02-13,C1230,Gym Bag - Black,2,31.61
O10725,2025-02-13,C1026,Yoga Strap,1,27.43
O10726,2025-02-13,C1365,Leggings - Olive,1,27.61
O10726,2025-02-13,C1365,Adjustable Dumbbells,1,189.00
O10727,2025-02-13,C1148,Leggings - Black,1,24.59
O10728,2025-02-13,C1302,BCAA Powder,1,34.86
O10728,2025-02-13,C1302,Headband Set,1,81.11
O10728,2025-02-13,C1302,Water Bottle 32oz,1,57.87
O10729,2025-02-13,C1161,Workout Towel,1,92.17
O10729,2025-02-13,C1161,Pre-Workout,1,22.30
O10730,2025-02-14,C1318,Tank Top - Heather,1,36.20
O10730,2025-02-14,C1318,Sports Bra,1,69.88
O10730,2025-02-14,C1318,Recovery Drink Mix,1,43.46
O10730,2025-02-14,C1318,Leggings - Olive,1,27.61
O10731,2025-02-14,C1118,Protein Powder - Vanilla,2,42.00
O10731,2025-02-14,C1118,Tank Top - Black,2,39.66
O10732,2025-02-14,C1366,Resistance Bands Set,1,28.15
O10732,2025-02-14,C1366,Adjustable Dumbbells,3,189.00
O10733,2025-02-14,C1344,Tank Top - Heather,1,36.20
O10733,2025-02-14,C1344,Headband Set,2,81.11
O10734,2025-02-14,C1318,Recovery Drink Mix,1,43.46
O10735,2025-02-14,C1341,Foam Roller,1,52.28
O10735,2025-02-14,C1341,Massage Ball,1,47.52
O10736,2025-02-14,C1212,Headband Set,1,81.11
O10736,2025-02-14,C1212,Gym Bag - Black,3,31.61
O10736,2025-02-14,C1212,Water Bottle 32oz,1,57.87
O10736,2025-02-14,C1212,Massage Ball,1,47.52
O10737,2025-02-14,C1346,Wireless Earbuds,1,64.99
O10738,2025-02-14,C1032,Yoga Strap,1,27.43
O10739,2025-02-14,C1061,Headband Set,3,81.11
O10739,2025-02-14,C1061,Workout Towel,1,92.17
O10740,2025-02-14,C1393,Phone Armband,1,18.23
O10741,2025-02-14,C1077,Wireless Earbuds,1,64.99
O10741,2025-02-14,C1077,Yoga Strap,1,27.43
O10741,2025-02-14,C1077,Sports Bra,1,69.88
O10741,2025-02-14,C1077,Kettlebell 20lb,1,69.17
O10742,2025-02-14,C1052,Yoga Mat - Standard,2,32.00
O10742,2025-02-14,C1052,Foam Roller,1,52.28
O10742,2025-02-14,C1052,Massage Ball,1,47.52
O10743,2025-02-14,C1226,Headband Set,1,81.11
O10743,2025-02-14,C1226,Adjustable Dumbbells,1,189.00
O10743,2025-02-14,C1226,Yoga Strap,2,27.43
O10744,2025-02-14,C1062,Sports Bra,1,69.88
O10744,2025-02-14,C1062,Leggings - Olive,1,27.61
O10744,2025-02-14,C1062,Kettlebell 20lb,2,69.17
O10745,2025-02-14,C1174,Foam Roller,1,52.28
O10746,2025-02-14,C1190,Leggings - Olive,1,27.61
O10746,2025-02-14,C1190,Sports Bra,1,69.88
O10746,2025-02-14,C1190,Tank Top - Heather,1,36.20
O10747,2025-02-14,C1209,Wireless Earbuds,1,64.99
O10747,2025-02-14,C1209,Tank Top - Heather,1,36.20
O10747,2025-02-14,C1209,Sports Bra,1,69.88
O10747,2025-02-14,C1209,Phone Armband,1,18.23
O10748,2025-02-14,C1205,Foam Roller,1,52.28
O10748,2025-02-14,C1205,Leggings - Olive,2,27.61
O10748,2025-02-14,C1205,Yoga Mat - Standard,1,32.00
O10748,2025-02-14,C1205,Leggings - Black,1,24.59
O10748,2025-02-14,C1205,Kettlebell 20lb,3,69.17
O10749,2025-02-14,C1365,Wireless Earbuds,1,64.99
O10749,2025-02-14,C1365,Leggings - Olive,1,27.61
O10749,2025-02-14,C1365,Headband Set,1,81.11
O10750,2025-02-14,C1143,Protein Powder - Chocolate,1,42.00
O10750,2025-02-14,C1143,Recovery Drink Mix,1,43.46
O10750,2025-02-14,C1143,Pre-Workout,1,22.30
O10751,2025-02-14,C1400,Kettlebell 20lb,2,69.17
O10751,2025-02-14,C1400,Massage Ball,1,47.52
O10752,2025-02-14,C1275,Adjustable Dumbbells,1,189.00
O10753,2025-02-15,C1266,Gym Bag - Black,1,31.61
O10753,2025-02-15,C1266,Massage Ball,1,47.52
O10753,2025-02-15,C1266,Yoga Block (pair),1,61.78
O10753,2025-02-15,C1266,Wireless Earbuds,1,64.99
O10753,2025-02-15,C1266,Phone Armband,2,18.23
O10754,2025-02-15,C1276,Water Bottle 32oz,1,57.87
O10754,2025-02-15,C1276,Kettlebell 20lb,1,69.17
O10755,2025-02-15,C1258,Yoga Mat - Standard,2,32.00
O10756,2025-02-15,C1132,Tank Top - Heather,1,36.20
O10756,2025-02-15,C1132,Yoga Strap,1,27.43
O10757,2025-02-15,C1063,Protein Powder - Vanilla,1,42.00
O10757,2025-02-15,C1063,Sports Bra,1,69.88
O10758,2025-02-15,C1381,Protein Powder - Vanilla,1,42.00
O10758,2025-02-15,C1381,Pre-Workout,1,22.30
O10758,2025-02-15,C1381,Protein Powder - Chocolate,1,42.00
O10758,2025-02-15,C1381,Recovery Drink Mix,1,43.46
O10758,2025-02-15,C1381,BCAA Powder,1,34.86
O10759,2025-02-15,C1398,Yoga Strap,1,27.43
O10760,2025-02-15,C1217,Yoga Block (pair),1,61.78
O10760,2025-02-15,C1217,Yoga Mat - Standard,1,32.00
O10761,2025-02-15,C1109,Tank Top - Heather,1,36.20
O10761,2025-02-15,C1109,BCAA Powder,1,34.86
O10762,2025-02-15,C1265,Workout Towel,1,92.17
O10762,2025-02-15,C1265,Protein Powder - Vanilla,3,42.00
O10762,2025-02-15,C1265,Headband Set,1,81.11
O10763,2025-02-15,C1250,Leggings - Olive,1,27.61
O10763,2025-02-15,C1250,Resistance Bands Set,1,28.15
O10763,2025-02-15,C1250,Headband Set,1,81.11
O10764,2025-02-15,C1270,Massage Ball,1,47.52
O10765,2025-02-16,C1382,Phone Armband,1,18.23
O10766,2025-02-16,C1060,Leggings - Olive,1,27.61
O10766,2025-02-16,C1060,Tank Top - Heather,1,36.20
O10767,2025-02-16,C1078,Gym Bag - Black,3,31.61
O10768,2025-02-16,C1155,Yoga Mat - Cork,1,78.00
O10769,2025-02-16,C1072,Leggings - Olive,1,27.61
O10769,2025-02-16,C1072,Tank Top - Heather,1,36.20
O10769,2025-02-16,C1072,Massage Ball,1,47.52
O10770,2025-02-16,C1280,Yoga Mat - Standard,1,32.00
O10771,2025-02-16,C1293,Sports Bra,2,69.88
O10772,2025-02-16,C1400,Adjustable Dumbbells,2,189.00
O10773,2025-02-16,C1067,Wireless Earbuds,1,64.99
O10773,2025-02-16,C1067,Kettlebell 20lb,1,69.17
O10773,2025-02-16,C1067,Headband Set,1,81.11
O10774,2025-02-17,C1198,Leggings - Black,1,24.59
O10775,2025-02-17,C1023,Sports Bra,2,69.88
O10775,2025-02-17,C1023,Adjustable Dumbbells,1,189.00
O10775,2025-02-17,C1023,Workout Towel,1,92.17
O10775,2025-02-17,C1023,Pre-Workout,1,22.30
O10775,2025-02-17,C1023,Yoga Block (pair),1,61.78
O10776,2025-02-17,C1287,Pre-Workout,1,22.30
O10776,2025-02-17,C1287,Phone Armband,3,18.23
O10777,2025-02-17,C1277,Yoga Mat - Standard,1,32.00
O10777,2025-02-17,C1277,Wireless Earbuds,1,64.99
O10778,2025-02-17,C1009,Phone Armband,1,18.23
O10779,2025-02-17,C1009,Massage Ball,1,47.52
O10780,2025-02-17,C1361,Protein Powder - Vanilla,1,42.00
O10780,2025-02-17,C1361,Recovery Drink Mix,1,43.46
O10780,2025-02-17,C1361,Leggings - Black,2,24.59
O10781,2025-02-17,C1174,Leggings - Olive,1,27.61
O10781,2025-02-17,C1174,Tank Top - Heather,1,36.20
O10782,2025-02-17,C1050,Gym Bag - Black,1,31.61
O10782,2025-02-17,C1050,Resistance Bands Set,1,28.15
O10783,2025-02-17,C1078,Leggings - Olive,1,27.61
O10784,2025-02-17,C1030,Tank Top - Black,1,39.66
O10784,2025-02-17,C1030,Foam Roller,1,52.28
O10785,2025-02-17,C1199,Resistance Bands Set,1,28.15
O10786,2025-02-17,C1165,Yoga Strap,1,27.43
O10787,2025-02-17,C1122,Protein Powder - Vanilla,2,42.00
O10787,2025-02-17,C1122,Recovery Drink Mix,1,43.46
O10787,2025-02-17,C1122,Leggings - Black,1,24.59
O10788,2025-02-17,C1283,Headband Set,1,81.11
O10788,2025-02-17,C1283,Yoga Mat - Cork,1,78.00
O10789,2025-02-17,C1009,Protein Powder - Vanilla,1,42.00
O10790,2025-02-17,C1126,Pre-Workout,1,22.30
O10790,2025-02-17,C1126,Resistance Bands Set,1,28.15
O10790,2025-02-17,C1126,Gym Bag - Black,2,31.61
O10791,2025-02-17,C1256,Resistance Bands Set,1,28.15
O10792,2025-02-17,C1086,Phone Armband,1,18.23
O10792,2025-02-17,C1086,Leggings - Olive,1,27.61
O10793,2025-02-17,C1237,Protein Powder - Chocolate,3,42.00
O10793,2025-02-17,C1237,Pre-Workout,2,22.30
O10793,2025-02-17,C1237,BCAA Powder,1,34.86
O10793,2025-02-17,C1237,Workout Towel,2,92.17
O10793,2025-02-17,C1237,Leggings - Black,1,24.59
O10794,2025-02-17,C1082,Protein Powder - Vanilla,2,42.00
O10794,2025-02-17,C1082,Pre-Workout,1,22.30
O10794,2025-02-17,C1082,BCAA Powder,3,34.86
O10795,2025-02-18,C1107,Tank Top - Black,2,39.66
O10795,2025-02-18,C1107,BCAA Powder,1,34.86
O10796,2025-02-18,C1385,Workout Towel,3,92.17
O10796,2025-02-18,C1385,Water Bottle 32oz,1,57.87
O10796,2025-02-18,C1385,BCAA Powder,1,34.86
O10797,2025-02-18,C1306,Recovery Drink Mix,1,43.46
O10798,2025-02-18,C1001,Yoga Mat - Cork,1,78.00
O10798,2025-02-18,C1001,BCAA Powder,1,34.86
O10799,2025-02-18,C1356,Kettlebell 20lb,1,69.17
O10799,2025-02-18,C1356,Leggings - Black,2,24.59
O10799,2025-02-18,C1356,Phone Armband,1,18.23
O10800,2025-02-18,C1275,BCAA Powder,1,34.86
O10801,2025-02-18,C1063,Leggings - Black,2,24.59
O10802,2025-02-18,C1183,Kettlebell 20lb,2,69.17
O10803,2025-02-18,C1004,Tank Top - Heather,2,36.20
O10804,2025-02-18,C1227,Adjustable Dumbbells,1,189.00
O10805,2025-02-18,C1143,Recovery Drink Mix,1,43.46
O10805,2025-02-18,C1143,Tank Top - Heather,2,36.20
O10806,2025-02-18,C1320,Recovery Drink Mix,1,43.46
O10807,2025-02-18,C1252,Yoga Mat - Standard,1,32.00
O10807,2025-02-18,C1252,Yoga Block (pair),1,61.78
O10807,2025-02-18,C1252,Yoga Strap,1,27.43
O10807,2025-02-18,C1252,Workout Towel,1,92.17
O10807,2025-02-18,C1252,Headband Set,1,81.11
O10808,2025-02-18,C1089,Resistance Bands Set,1,28.15
O10809,2025-02-18,C1065,Protein Powder - Vanilla,2,42.00
O10810,2025-02-18,C1267,Workout Towel,1,92.17
O10810,2025-02-18,C1267,Massage Ball,3,47.52
O10810,2025-02-18,C1267,BCAA Powder,1,34.86
O10811,2025-02-18,C1314,Phone Armband,2,18.23
O10812,2025-02-18,C1001,Pre-Workout,2,22.30
O10812,2025-02-18,C1001,BCAA Powder,1,34.86
O10812,2025-02-18,C1001,Yoga Mat - Standard,2,32.00
O10813,2025-02-18,C1208,BCAA Powder,1,34.86
O10814,2025-02-18,C1253,Kettlebell 20lb,1,69.17
O10815,2025-02-18,C1369,Workout Towel,2,92.17
O10816,2025-02-19,C1229,Leggings - Black,1,24.59
O10817,2025-02-19,C1041,Yoga Mat - Cork,1,78.00
O10817,2025-02-19,C1041,Water Bottle 32oz,1,57.87
O10817,2025-02-19,C1041,Leggings - Olive,1,27.61
O10818,2025-02-19,C1320,Headband Set,1,81.11
O10819,2025-02-19,C1012,Pre-Workout,2,22.30
O10819,2025-02-19,C1012,Tank Top - Black,1,39.66
O10820,2025-02-19,C1242,Tank Top - Black,2,39.66
O10821,2025-02-19,C1170,Water Bottle 32oz,1,57.87
O10821,2025-02-19,C1170,Yoga Block (pair),1,61.78
O10822,2025-02-19,C1391,Sports Bra,1,69.88
O10823,2025-02-19,C1043,Yoga Mat - Standard,1,32.00
O10823,2025-02-19,C1043,Yoga Block (pair),1,61.78
O10823,2025-02-19,C1043,Sports Bra,1,69.88
O10823,2025-02-19,C1043,Yoga Strap,1,27.43
O10824,2025-02-19,C1195,Protein Powder - Chocolate,2,42.00
O10824,2025-02-19,C1195,Water Bottle 32oz,1,57.87
O10825,2025-02-19,C1319,Leggings - Black,1,24.59
O10826,2025-02-19,C1219,Protein Powder - Chocolate,1,42.00
O10826,2025-02-19,C1219,Pre-Workout,1,22.30
O10826,2025-02-19,C1219,BCAA Powder,1,34.86
O10826,2025-02-19,C1219,Yoga Strap,1,27.43
O10827,2025-02-19,C1099,Resistance Bands Set,1,28.15
O10827,2025-02-19,C1099,Workout Towel,1,92.17
O10827,2025-02-19,C1099,Foam Roller,1,52.28
O10827,2025-02-19,C1099,Sports Bra,1,69.88
O10828,2025-02-19,C1299,Pre-Workout,1,22.30
O10828,2025-02-19,C1299,Kettlebell 20lb,1,69.17
O10829,2025-02-19,C1277,Resistance Bands Set,1,28.15
O10829,2025-02-19,C1277,Workout Towel,1,92.17
O10829,2025-02-19,C1277,Foam Roller,1,52.28
O10830,2025-02-19,C1121,Phone Armband,1,18.23
O10830,2025-02-19,C1121,Yoga Mat - Standard,1,32.00
O10831,2025-02-19,C1102,Massage Ball,1,47.52
O10831,2025-02-19,C1102,Yoga Block (pair),1,61.78
O10832,2025-02-19,C1355,Sports Bra,1,69.88
O10832,2025-02-19,C1355,Protein Powder - Chocolate,2,42.00
O10833,2025-02-19,C1289,Protein Powder - Chocolate,1,42.00
O10833,2025-02-19,C1289,BCAA Powder,1,34.86
O10833,2025-02-19,C1289,Pre-Workout,1,22.30
O10833,2025-02-19,C1289,Yoga Mat - Standard,1,32.00
O10833,2025-02-19,C1289,Yoga Mat - Cork,1,78.00
O10834,2025-02-19,C1393,Tank Top - Black,1,39.66
O10834,2025-02-19,C1393,Adjustable Dumbbells,3,189.00
O10834,2025-02-19,C1393,Leggings - Black,1,24.59
O10834,2025-02-19,C1393,Massage Ball,1,47.52
O10835,2025-02-19,C1015,Resistance Bands Set,1,28.15
O10835,2025-02-19,C1015,Foam Roller,2,52.28
O10836,2025-02-19,C1184,Yoga Mat - Cork,1,78.00
O10837,2025-02-19,C1145,Workout Towel,1,92.17
O10838,2025-02-19,C1173,Water Bottle 32oz,1,57.87
O10838,2025-02-19,C1173,Foam Roller,2,52.28
O10838,2025-02-19,C1173,Massage Ball,2,47.52
O10839,2025-02-19,C1010,Resistance Bands Set,1,28.15
O10839,2025-02-19,C1010,Foam Roller,1,52.28
O10839,2025-02-19,C1010,Workout Towel,2,92.17
O10840,2025-02-19,C1338,Wireless Earbuds,3,64.99
O10841,2025-02-20,C1364,Resistance Bands Set,2,28.15
O10842,2025-02-20,C1066,Massage Ball,1,47.52
O10842,2025-02-20,C1066,Phone Armband,1,18.23
O10842,2025-02-20,C1066,Leggings - Black,1,24.59
O10843,2025-02-20,C1325,Yoga Mat - Standard,1,32.00
O10844,2025-02-20,C1300,Phone Armband,1,18.23
O10845,2025-02-20,C1076,Yoga Mat - Standard,1,32.00
O10846,2025-02-20,C1143,Wireless Earbuds,1,64.99
O10846,2025-02-20,C1143,Headband Set,1,81.11
O10846,2025-02-20,C1143,Phone Armband,1,18.23
O10846,2025-02-20,C1143,BCAA Powder,2,34.86
O10847,2025-02-20,C1384,Headband Set,1,81.11
O10847,2025-02-20,C1384,Wireless Earbuds,1,64.99
O10848,2025-02-20,C1191,Headband Set,3,81.11
O10848,2025-02-20,C1191,Recovery Drink Mix,1,43.46
O10849,2025-02-20,C1297,Protein Powder - Vanilla,1,42.00
O10849,2025-02-20,C1297,Massage Ball,1,47.52
O10850,2025-02-20,C1120,Gym Bag - Black,1,31.61
O10851,2025-02-20,C1193,Tank Top - Heather,1,36.20
O10851,2025-02-20,C1193,Workout Towel,1,92.17
O10852,2025-02-20,C1043,Wireless Earbuds,1,64.99
O10853,2025-02-20,C1298,Wireless Earbuds,1,64.99
O10854,2025-02-20,C1218,Leggings - Olive,1,27.61
O10854,2025-02-20,C1218,Tank Top - Heather,1,36.20
O10855,2025-02-20,C1091,Workout Towel,1,92.17
O10855,2025-02-20,C1091,Pre-Workout,2,22.30
O10856,2025-02-20,C1150,Wireless Earbuds,1,64.99
O10856,2025-02-20,C1150,Yoga Block (pair),1,61.78
O10856,2025-02-20,C1150,Water Bottle 32oz,1,57.87
O10857,2025-02-20,C1102,BCAA Powder,1,34.86
O10858,2025-02-20,C1154,Kettlebell 20lb,1,69.17
O10858,2025-02-20,C1154,BCAA Powder,1,34.86
O10858,2025-02-20,C1154,Workout Towel,1,92.17
O10859,2025-02-20,C1385,Phone Armband,1,18.23
O10859,2025-02-20,C1385,Workout Towel,1,92.17
O10859,2025-02-20,C1385,Yoga Mat - Cork,1,78.00
O10860,2025-02-20,C1206,Protein Powder - Vanilla,2,42.00
O10860,2025-02-20,C1206,Yoga Mat - Cork,1,78.00
O10860,2025-02-20,C1206,Recovery Drink Mix,1,43.46
O10860,2025-02-20,C1206,Resistance Bands Set,1,28.15
O10861,2025-02-20,C1119,Phone Armband,1,18.23
O10861,2025-02-20,C1119,Kettlebell 20lb,2,69.17
O10862,2025-02-21,C1043,Massage Ball,1,47.52
O10863,2025-02-21,C1357,Sports Bra,2,69.88
O10864,2025-02-21,C1015,Protein Powder - Vanilla,2,42.00
O10865,2025-02-21,C1156,Yoga Mat - Cork,1,78.00
O10865,2025-02-21,C1156,Workout Towel,1,92.17
O10865,2025-02-21,C1156,Tank Top - Black,1,39.66
O10865,2025-02-21,C1156,Yoga Strap,1,27.43
O10866,2025-02-21,C1166,Protein Powder - Vanilla,1,42.00
O10866,2025-02-21,C1166,Resistance Bands Set,3,28.15
O10867,2025-02-21,C1169,Protein Powder - Chocolate,2,42.00
O10867,2025-02-21,C1169,Protein Powder - Vanilla,3,42.00
O10868,2025-02-21,C1104,Yoga Block (pair),1,61.78
O10868,2025-02-21,C1104,Phone Armband,1,18.23
O10868,2025-02-21,C1104,Leggings - Black,3,24.59
O10868,2025-02-21,C1104,Massage Ball,1,47.52
O10869,2025-02-21,C1155,Yoga Strap,1,27.43
O10870,2025-02-21,C1090,Recovery Drink Mix,1,43.46
O10871,2025-02-21,C1013,Yoga Block (pair),2,61.78
O10872,2025-02-21,C1197,Water Bottle 32oz,1,57.87
O10873,2025-02-21,C1268,Yoga Mat - Standard,1,32.00
O10874,2025-02-21,C1005,Leggings - Olive,1,27.61
O10875,2025-02-21,C1056,Leggings - Olive,1,27.61
O10876,2025-02-21,C1035,Massage Ball,1,47.52
O10877,2025-02-21,C1105,Recovery Drink Mix,1,43.46
O10878,2025-02-21,C1081,Gym Bag - Black,1,31.61
O10878,2025-02-21,C1081,Protein Powder - Vanilla,1,42.00
O10879,2025-02-21,C1234,Yoga Mat - Cork,3,78.00
O10880,2025-02-22,C1032,Protein Powder - Chocolate,1,42.00
O10880,2025-02-22,C1032,Wireless Earbuds,1,64.99
O10880,2025-02-22,C1032,BCAA Powder,1,34.86
O10881,2025-02-22,C1147,Sports Bra,1,69.88
O10881,2025-02-22,C1147,Tank Top - Heather,1,36.20
O10882,2025-02-22,C1152,Foam Roller,1,52.28
O10883,2025-02-22,C1091,Adjustable Dumbbells,1,189.00
O10883,2025-02-22,C1091,Water Bottle 32oz,2,57.87
O10883,2025-02-22,C1091,Foam Roller,1,52.28
O10883,2025-02-22,C1091,Yoga Strap,2,27.43
O10884,2025-02-22,C1140,Phone Armband,1,18.23
O10884,2025-02-22,C1140,Gym Bag - Black,1,31.61
O10884,2025-02-22,C1140,BCAA Powder,1,34.86
O10884,2025-02-22,C1140,Yoga Block (pair),1,61.78
O10885,2025-02-22,C1390,Tank Top - Heather,1,36.20
O10885,2025-02-22,C1390,Yoga Block (pair),1,61.78
O10886,2025-02-22,C1399,Sports Bra,1,69.88
O10887,2025-02-22,C1106,Sports Bra,1,69.88
O10887,2025-02-22,C1106,Yoga Mat - Cork,1,78.00
O10888,2025-02-22,C1383,Tank Top - Black,1,39.66
O10888,2025-02-22,C1383,Adjustable Dumbbells,1,189.00
O10889,2025-02-22,C1019,Yoga Strap,1,27.43
O10890,2025-02-22,C1069,Adjustable Dumbbells,1,189.00
O10891,2025-02-22,C1236,Phone Armband,1,18.23
O10892,2025-02-22,C1365,Resistance Bands Set,1,28.15
O10892,2025-02-22,C1365,Workout Towel,1,92.17
O10892,2025-02-22,C1365,Foam Roller,1,52.28
O10892,2025-02-22,C1365,Protein Powder - Chocolate,1,42.00
O10892,2025-02-22,C1365,Gym Bag - Black,1,31.61
O10893,2025-02-22,C1139,Tank Top - Heather,1,36.20
O10894,2025-02-22,C1365,BCAA Powder,1,34.86
O10895,2025-02-22,C1226,Pre-Workout,1,22.30
O10895,2025-02-22,C1226,Wireless Earbuds,1,64.99
O10896,2025-02-22,C1052,Gym Bag - Black,1,31.61
O10897,2025-02-22,C1306,Kettlebell 20lb,1,69.17
O10898,2025-02-22,C1103,Tank Top - Heather,1,36.20
O10898,2025-02-22,C1103,Water Bottle 32oz,1,57.87
O10898,2025-02-22,C1103,Massage Ball,1,47.52
O10898,2025-02-22,C1103,Yoga Block (pair),2,61.78
O10899,2025-02-22,C1348,Water Bottle 32oz,1,57.87
O10899,2025-02-22,C1348,Yoga Strap,2,27.43
O10900,2025-02-22,C1085,Yoga Mat - Standard,1,32.00
O10900,2025-02-22,C1085,Yoga Block (pair),1,61.78
O10900,2025-02-22,C1085,Tank Top - Black,1,39.66
O10901,2025-02-22,C1277,Leggings - Olive,1,27.61
O10902,2025-02-23,C1054,Foam Roller,1,52.28
O10903,2025-02-23,C1334,Leggings - Black,1,24.59
O10904,2025-02-23,C1112,Workout Towel,1,92.17
O10905,2025-02-23,C1188,Massage Ball,1,47.52
O10906,2025-02-23,C1392,Yoga Strap,1,27.43
O10906,2025-02-23,C1392,Recovery Drink Mix,3,43.46
O10907,2025-02-23,C1291,Yoga Strap,1,27.43
O10908,2025-02-23,C1323,BCAA Powder,1,34.86
O10908,2025-02-23,C1323,Kettlebell 20lb,1,69.17
O10909,2025-02-23,C1325,Recovery Drink Mix,1,43.46
O10909,2025-02-23,C1325,Tank Top - Black,1,39.66
O10909,2025-02-23,C1325,BCAA Powder,1,34.86
O10910,2025-02-23,C1299,Wireless Earbuds,1,64.99
O10910,2025-02-23,C1299,Water Bottle 32oz,1,57.87
O10911,2025-02-23,C1006,Protein Powder - Chocolate,1,42.00
O10912,2025-02-23,C1063,Adjustable Dumbbells,1,189.00
O10913,2025-02-23,C1124,Yoga Mat - Standard,1,32.00
O10913,2025-02-23,C1124,Yoga Strap,1,27.43
O10914,2025-02-23,C1104,Water Bottle 32oz,1,57.87
O10914,2025-02-23,C1104,Adjustable Dumbbells,2,189.00
O10915,2025-02-23,C1378,Resistance Bands Set,1,28.15
O10915,2025-02-23,C1378,Foam Roller,1,52.28
O10915,2025-02-23,C1378,Leggings - Olive,1,27.61
O10915,2025-02-23,C1378,Gym Bag - Black,1,31.61
O10916,2025-02-24,C1276,BCAA Powder,3,34.86
O10917,2025-02-24,C1351,Water Bottle 32oz,2,57.87
O10917,2025-02-24,C1351,Protein Powder - Chocolate,1,42.00
O10918,2025-02-24,C1093,Yoga Mat - Cork,1,78.00
O10918,2025-02-24,C1093,Yoga Strap,1,27.43
O10919,2025-02-24,C1324,Massage Ball,1,47.52
O10919,2025-02-24,C1324,Resistance Bands Set,1,28.15
O10919,2025-02-24,C1324,Yoga Block (pair),1,61.78
O10919,2025-02-24,C1324,Foam Roller,1,52.28
O10919,2025-02-24,C1324,Protein Powder - Vanilla,1,42.00
O10920,2025-02-24,C1239,Adjustable Dumbbells,1,189.00
O10921,2025-02-24,C1217,Water Bottle 32oz,1,57.87
O10922,2025-02-24,C1295,Pre-Workout,1,22.30
O10922,2025-02-24,C1295,Massage Ball,1,47.52
O10923,2025-02-24,C1040,Tank Top - Heather,1,36.20
O10923,2025-02-24,C1040,Leggings - Black,1,24.59
O10923,2025-02-24,C1040,Foam Roller,1,52.28
O10923,2025-02-24,C1040,Headband Set,1,81.11
O10924,2025-02-24,C1246,Leggings - Black,1,24.59
O10925,2025-02-24,C1042,Gym Bag - Black,1,31.61
O10925,2025-02-24,C1042,Protein Powder - Chocolate,1,42.00
O10925,2025-02-24,C1042,Phone Armband,1,18.23
O10926,2025-02-24,C1237,Gym Bag - Black,1,31.61
O10927,2025-02-24,C1310,Tank Top - Black,1,39.66
O10927,2025-02-24,C1310,Resistance Bands Set,1,28.15
O10928,2025-02-24,C1097,Wireless Earbuds,1,64.99
O10929,2025-02-24,C1191,Leggings - Olive,1,27.61
O10929,2025-02-24,C1191,Adjustable Dumbbells,1,189.00
O10930,2025-02-25,C1209,Yoga Strap,1,27.43
O10930,2025-02-25,C1209,Leggings - Black,1,24.59
O10930,2025-02-25,C1209,Protein Powder - Vanilla,1,42.00
O10930,2025-02-25,C1209,Foam Roller,2,52.28
O10931,2025-02-25,C1369,Recovery Drink Mix,1,43.46
O10932,2025-02-25,C1352,Yoga Mat - Standard,1,32.00
O10933,2025-02-25,C1217,Water Bottle 32oz,2,57.87
O10933,2025-02-25,C1217,Headband Set,1,81.11
O10933,2025-02-25,C1217,Yoga Mat - Standard,1,32.00
O10934,2025-02-25,C1014,Pre-Workout,1,22.30
O10934,2025-02-25,C1014,Resistance Bands Set,1,28.15
O10935,2025-02-25,C1348,Water Bottle 32oz,1,57.87
O10936,2025-02-25,C1339,Yoga Mat - Cork,1,78.00
O10936,2025-02-25,C1339,Yoga Block (pair),1,61.78
O10936,2025-02-25,C1339,Leggings - Black,2,24.59
O10937,2025-02-25,C1265,Leggings - Olive,1,27.61
O10937,2025-02-25,C1265,Tank Top - Heather,1,36.20
O10937,2025-02-25,C1265,Sports Bra,1,69.88
O10937,2025-02-25,C1265,Phone Armband,1,18.23
O10938,2025-02-25,C1372,Yoga Strap,1,27.43
O10938,2025-02-25,C1372,Pre-Workout,2,22.30
O10938,2025-02-25,C1372,Protein Powder - Vanilla,1,42.00
O10938,2025-02-25,C1372,Kettlebell 20lb,1,69.17
O10939,2025-02-25,C1383,Gym Bag - Black,1,31.61
O10940,2025-02-26,C1251,Yoga Block (pair),1,61.78
O10941,2025-02-26,C1213,Pre-Workout,1,22.30
O10941,2025-02-26,C1213,Gym Bag - Black,1,31.61
O10942,2025-02-26,C1191,Resistance Bands Set,1,28.15
O10943,2025-02-26,C1093,Yoga Strap,1,27.43
O10943,2025-02-26,C1093,Sports Bra,1,69.88
O10944,2025-02-26,C1102,Foam Roller,2,52.28
O10945,2025-02-26,C1098,Leggings - Olive,1,27.61
O10946,2025-02-26,C1319,Pre-Workout,1,22.30
O10947,2025-02-26,C1150,Yoga Strap,1,27.43
O10948,2025-02-26,C1175,Water Bottle 32oz,1,57.87
O10949,2025-02-26,C1344,Yoga Mat - Cork,1,78.00
O10949,2025-02-26,C1344,Yoga Block (pair),1,61.78
O10949,2025-02-26,C1344,Yoga Mat - Standard,1,32.00
O10950,2025-02-26,C1308,Kettlebell 20lb,2,69.17
O10950,2025-02-26,C1308,Workout Towel,1,92.17
O10951,2025-02-26,C1172,Tank Top - Black,1,39.66
O10951,2025-02-26,C1172,Tank Top - Heather,1,36.20
O10952,2025-02-26,C1161,Tank Top - Heather,1,36.20
O10952,2025-02-26,C1161,BCAA Powder,1,34.86
O10952,2025-02-26,C1161,Leggings - Black,1,24.59
O10953,2025-02-27,C1051,Recovery Drink Mix,1,43.46
O10954,2025-02-27,C1071,Yoga Strap,2,27.43
O10955,2025-02-27,C1143,Kettlebell 20lb,1,69.17
O10955,2025-02-27,C1143,Water Bottle 32oz,2,57.87
O10955,2025-02-27,C1143,Tank Top - Heather,1,36.20
O10955,2025-02-27,C1143,Sports Bra,1,69.88
O10955,2025-02-27,C1143,Protein Powder - Chocolate,1,42.00
O10956,2025-02-27,C1326,Tank Top - Black,3,39.66
O10956,2025-02-27,C1326,Yoga Mat - Cork,1,78.00
O10956,2025-02-27,C1326,Pre-Workout,1,22.30
O10956,2025-02-27,C1326,Tank Top - Heather,1,36.20
O10956,2025-02-27,C1326,Yoga Mat - Standard,1,32.00
O10957,2025-02-27,C1378,Yoga Block (pair),1,61.78
O10957,2025-02-27,C1378,Tank Top - Heather,2,36.20
O10958,2025-02-27,C1243,Recovery Drink Mix,1,43.46
O10958,2025-02-27,C1243,Yoga Strap,1,27.43
O10958,2025-02-27,C1243,Adjustable Dumbbells,2,189.00
O10958,2025-02-27,C1243,Leggings - Black,2,24.59
O10958,2025-02-27,C1243,Gym Bag - Black,1,31.61
O10959,2025-02-27,C1366,Resistance Bands Set,1,28.15
O10959,2025-02-27,C1366,Foam Roller,1,52.28
O10960,2025-02-27,C1280,Sports Bra,1,69.88
O10960,2025-02-27,C1280,Foam Roller,1,52.28
O10960,2025-02-27,C1280,Yoga Strap,1,27.43
O10960,2025-02-27,C1280,Headband Set,1,81.11
O10961,2025-02-27,C1337,Yoga Strap,3,27.43
O10961,2025-02-27,C1337,Leggings - Olive,1,27.61
O10962,2025-02-27,C1167,Kettlebell 20lb,1,69.17
O10962,2025-02-27,C1167,Workout Towel,1,92.17
O10962,2025-02-27,C1167,Water Bottle 32oz,2,57.87
O10962,2025-02-27,C1167,Adjustable Dumbbells,1,189.00
O10963,2025-02-27,C1069,Pre-Workout,1,22.30
O10963,2025-02-27,C1069,Adjustable Dumbbells,1,189.00
O10963,2025-02-27,C1069,Headband Set,1,81.11
O10963,2025-02-27,C1069,Yoga Block (pair),1,61.78
O10964,2025-02-27,C1307,Tank Top - Black,1,39.66
O10965,2025-02-27,C1367,Adjustable Dumbbells,1,189.00
O10965,2025-02-27,C1367,Water Bottle 32oz,1,57.87
O10966,2025-02-27,C1057,Adjustable Dumbbells,1,189.00
O10967,2025-02-27,C1096,Yoga Strap,1,27.43
O10967,2025-02-27,C1096,Protein Powder - Vanilla,1,42.00
O10967,2025-02-27,C1096,Tank Top - Heather,1,36.20
O10968,2025-02-27,C1377,Yoga Mat - Standard,1,32.00
O10969,2025-02-27,C1097,Leggings - Olive,1,27.61
O10969,2025-02-27,C1097,Tank Top - Heather,1,36.20
O10969,2025-02-27,C1097,Resistance Bands Set,1,28.15
O10970,2025-02-27,C1202,Sports Bra,1,69.88
O10971,2025-02-28,C1112,Sports Bra,1,69.88
O10971,2025-02-28,C1112,Resistance Bands Set,1,28.15
O10972,2025-02-28,C1340,Recovery Drink Mix,1,43.46
O10972,2025-02-28,C1340,Yoga Mat - Standard,1,32.00
O10972,2025-02-28,C1340,Protein Powder - Chocolate,1,42.00
O10973,2025-02-28,C1140,Recovery Drink Mix,1,43.46
O10973,2025-02-28,C1140,Protein Powder - Vanilla,1,42.00
O10973,2025-02-28,C1140,Headband Set,1,81.11
O10973,2025-02-28,C1140,Pre-Workout,3,22.30
O10973,2025-02-28,C1140,Massage Ball,1,47.52
O10974,2025-02-28,C1366,Adjustable Dumbbells,2,189.00
O10975,2025-02-28,C1115,Yoga Mat - Standard,1,32.00
O10975,2025-02-28,C1115,Kettlebell 20lb,1,69.17
O10975,2025-02-28,C1115,Yoga Strap,2,27.43
O10976,2025-02-28,C1081,Phone Armband,1,18.23
O10976,2025-02-28,C1081,Leggings - Black,1,24.59
O10976,2025-02-28,C1081,Tank Top - Black,1,39.66
O10976,2025-02-28,C1081,Leggings - Olive,1,27.61
O10976,2025-02-28,C1081,BCAA Powder,1,34.86
O10977,2025-02-28,C1144,Massage Ball,2,47.52
O10977,2025-02-28,C1144,Recovery Drink Mix,1,43.46
O10978,2025-02-28,C1067,Protein Powder - Vanilla,2,42.00
O10979,2025-02-28,C1027,Recovery Drink Mix,1,43.46
O10979,2025-02-28,C1027,Gym Bag - Black,1,31.61
O10979,2025-02-28,C1027,Sports Bra,1,69.88
O10980,2025-02-28,C1247,Resistance Bands Set,1,28.15
O10981,2025-02-28,C1383,Pre-Workout,1,22.30
O10982,2025-02-28,C1371,Yoga Strap,3,27.43
O10982,2025-02-28,C1371,BCAA Powder,1,34.86
O10982,2025-02-28,C1371,Resistance Bands Set,2,28.15
O10982,2025-02-28,C1371,Leggings - Black,2,24.59
O10983,2025-02-28,C1049,Headband Set,1,81.11
O10984,2025-02-28,C1026,Wireless Earbuds,1,64.99
O10985,2025-02-28,C1303,Resistance Bands Set,1,28.15
O10985,2025-02-28,C1303,Leggings - Black,1,24.59
O10986,2025-02-28,C1203,Recovery Drink Mix,3,43.46
O10986,2025-02-28,C1203,Protein Powder - Chocolate,1,42.00
O10987,2025-02-28,C1192,BCAA Powder,1,34.86
O10987,2025-02-28,C1192,Yoga Block (pair),2,61.78
O10988,2025-03-01,C1140,Sports Bra,1,69.88
O10988,2025-03-01,C1140,Tank Top - Heather,1,36.20
O10989,2025-03-01,C1062,BCAA Powder,1,34.86
O10989,2025-03-01,C1062,Wireless Earbuds,1,64.99
O10990,2025-03-01,C1293,Recovery Drink Mix,1,43.46
O10990,2025-03-01,C1293,Adjustable Dumbbells,1,189.00
O10991,2025-03-01,C1196,Pre-Workout,1,22.30
O10991,2025-03-01,C1196,Recovery Drink Mix,1,43.46
O10992,2025-03-01,C1050,Recovery Drink Mix,2,43.46
O10993,2025-03-01,C1275,Recovery Drink Mix,1,43.46
O10994,2025-03-01,C1284,Wireless Earbuds,3,64.99
O10994,2025-03-01,C1284,Phone Armband,2,18.23
O10994,2025-03-01,C1284,Massage Ball,1,47.52
O10995,2025-03-01,C1306,Yoga Mat - Cork,1,78.00
O10995,2025-03-01,C1306,Tank Top - Black,1,39.66
O10996,2025-03-01,C1105,Yoga Block (pair),1,61.78
O10996,2025-03-01,C1105,Phone Armband,1,18.23
O10997,2025-03-01,C1043,Wireless Earbuds,2,64.99
O10997,2025-03-01,C1043,Phone Armband,1,18.23
O10997,2025-03-01,C1043,Headband Set,1,81.11
O10997,2025-03-01,C1043,Yoga Mat - Standard,1,32.00
O10998,2025-03-01,C1251,Wireless Earbuds,1,64.99
O10998,2025-03-01,C1251,Tank Top - Heather,1,36.20
O10999,2025-03-01,C1352,Yoga Mat - Standard,1,32.00
O11000,2025-03-01,C1096,Massage Ball,3,47.52
O11001,2025-03-01,C1308,Protein Powder - Vanilla,1,42.00
O11001,2025-03-01,C1308,Pre-Workout,1,22.30
O11002,2025-03-01,C1281,Leggings - Black,1,24.59
O11003,2025-03-01,C1083,Yoga Block (pair),1,61.78
O11003,2025-03-01,C1083,Workout Towel,2,92.17
O11004,2025-03-01,C1073,Yoga Block (pair),1,61.78
O11004,2025-03-01,C1073,Pre-Workout,3,22.30
O11005,2025-03-01,C1356,Recovery Drink Mix,1,43.46
O11005,2025-03-01,C1356,Tank Top - Heather,1,36.20
O11006,2025-03-01,C1261,Leggings - Olive,3,27.61
O11006,2025-03-01,C1261,Tank Top - Black,1,39.66
O11007,2025-03-01,C1013,Water Bottle 32oz,1,57.87
O11007,2025-03-01,C1013,Yoga Block (pair),1,61.78
O11007,2025-03-01,C1013,Workout Towel,1,92.17
O11007,2025-03-01,C1013,Yoga Strap,1,27.43
O11007,2025-03-01,C1013,Phone Armband,1,18.23
O11008,2025-03-02,C1398,Water Bottle 32oz,1,57.87
O11009,2025-03-02,C1050,Water Bottle 32oz,1,57.87
O11010,2025-03-02,C1053,Yoga Strap,1,27.43
O11010,2025-03-02,C1053,Foam Roller,1,52.28
O11010,2025-03-02,C1053,Wireless Earbuds,2,64.99
O11011,2025-03-02,C1250,Tank Top - Heather,1,36.20
O11012,2025-03-02,C1144,Protein Powder - Chocolate,1,42.00
O11012,2025-03-02,C1144,Pre-Workout,2,22.30
O11013,2025-03-02,C1199,Adjustable Dumbbells,1,189.00
O11014,2025-03-02,C1272,Leggings - Black,1,24.59
O11014,2025-03-02,C1272,Sports Bra,1,69.88
O11015,2025-03-02,C1365,Resistance Bands Set,1,28.15
O11016,2025-03-02,C1290,Yoga Mat - Standard,1,32.00
O11016,2025-03-02,C1290,Pre-Workout,1,22.30
O11016,2025-03-02,C1290,Recovery Drink Mix,1,43.46
O11017,2025-03-02,C1234,Tank Top - Heather,1,36.20
O11018,2025-03-02,C1257,Leggings - Olive,1,27.61
O11019,2025-03-02,C1367,Water Bottle 32oz,2,57.87
O11019,2025-03-02,C1367,Gym Bag - Black,1,31.61
O11019,2025-03-02,C1367,Pre-Workout,1,22.30
O11019,2025-03-02,C1367,Yoga Block (pair),1,61.78
O11020,2025-03-02,C1040,Water Bottle 32oz,2,57.87
O11021,2025-03-02,C1084,Yoga Block (pair),1,61.78
O11021,2025-03-02,C1084,Adjustable Dumbbells,2,189.00
O11022,2025-03-02,C1005,Leggings - Olive,1,27.61
O11022,2025-03-02,C1005,Adjustable Dumbbells,1,189.00
O11022,2025-03-02,C1005,Tank Top - Heather,1,36.20
O11022,2025-03-02,C1005,BCAA Powder,2,34.86
O11022,2025-03-02,C1005,Recovery Drink Mix,1,43.46
O11023,2025-03-02,C1217,Adjustable Dumbbells,1,189.00
O11023,2025-03-02,C1217,Workout Towel,2,92.17
O11023,2025-03-02,C1217,Foam Roller,1,52.28
O11024,2025-03-02,C1115,Tank Top - Heather,2,36.20
O11025,2025-03-02,C1263,Yoga Mat - Standard,1,32.00
O11026,2025-03-03,C1087,Yoga Strap,1,27.43
O11027,2025-03-03,C1347,Phone Armband,2,18.23
O11028,2025-03-03,C1060,Headband Set,1,81.11
O11029,2025-03-03,C1109,Pre-Workout,1,22.30
O11030,2025-03-03,C1111,Pre-Workout,2,22.30
O11030,2025-03-03,C1111,Wireless Earbuds,2,64.99
O11030,2025-03-03,C1111,Yoga Mat - Standard,1,32.00
O11030,2025-03-03,C1111,Sports Bra,1,69.88
O11031,2025-03-03,C1235,Tank Top - Heather,1,36.20
O11032,2025-03-03,C1179,Foam Roller,1,52.28
O11032,2025-03-03,C1179,Leggings - Black,1,24.59
O11032,2025-03-03,C1179,Tank Top - Heather,1,36.20
O11032,2025-03-03,C1179,Yoga Mat - Cork,1,78.00
O11033,2025-03-03,C1078,Headband Set,1,81.11
O11033,2025-03-03,C1078,Yoga Mat - Cork,1,78.00
O11034,2025-03-03,C1115,Tank Top - Heather,1,36.20
O11034,2025-03-03,C1115,Gym Bag - Black,2,31.61
O11035,2025-03-03,C1274,Yoga Strap,2,27.43
O11035,2025-03-03,C1274,Sports Bra,1,69.88
O11035,2025-03-03,C1274,BCAA Powder,1,34.86
O11036,2025-03-03,C1222,Recovery Drink Mix,1,43.46
O11037,2025-03-03,C1097,Resistance Bands Set,1,28.15
O11038,2025-03-03,C1380,Yoga Mat - Standard,1,32.00
O11039,2025-03-03,C1101,BCAA Powder,1,34.86
O11039,2025-03-03,C1101,Workout Towel,1,92.17
O11039,2025-03-03,C1101,Yoga Strap,1,27.43
O11039,2025-03-03,C1101,Leggings - Olive,1,27.61
O11040,2025-03-03,C1384,Leggings - Black,1,24.59
O11040,2025-03-03,C1384,Adjustable Dumbbells,3,189.00
O11041,2025-03-03,C1010,Tank Top - Heather,1,36.20
O11042,2025-03-03,C1392,Yoga Mat - Standard,1,32.00
O11042,2025-03-03,C1392,Tank Top - Black,1,39.66
O11043,2025-03-03,C1004,Gym Bag - Black,1,31.61
O11044,2025-03-03,C1389,Protein Powder - Chocolate,1,42.00
O11044,2025-03-03,C1389,Pre-Workout,1,22.30
O11045,2025-03-03,C1134,Water Bottle 32oz,1,57.87
O11045,2025-03-03,C1134,BCAA Powder,2,34.86
O11045,2025-03-03,C1134,Leggings - Olive,1,27.61
O11045,2025-03-03,C1134,Massage Ball,1,47.52
O11045,2025-03-03,C1134,Headband Set,1,81.11
O11046,2025-03-04,C1117,Leggings - Black,1,24.59
O11047,2025-03-04,C1098,Leggings - Olive,1,27.61
O11047,2025-03-04,C1098,Sports Bra,1,69.88
O11047,2025-03-04,C1098,Tank Top - Heather,1,36.20
O11047,2025-03-04,C1098,Wireless Earbuds,1,64.99
O11048,2025-03-04,C1245,Leggings - Olive,1,27.61
O11049,2025-03-04,C1155,Tank Top - Heather,1,36.20
O11050,2025-03-04,C1179,Water Bottle 32oz,1,57.87
O11050,2025-03-04,C1179,Tank Top - Black,1,39.66
O11050,2025-03-04,C1179,Yoga Mat - Standard,1,32.00
O11051,2025-03-04,C1164,Headband Set,1,81.11
O11052,2025-03-04,C1310,Foam Roller,1,52.28
O11053,2025-03-04,C1251,Gym Bag - Black,1,31.61
O11054,2025-03-04,C1342,Phone Armband,1,18.23
O11055,2025-03-04,C1066,Adjustable Dumbbells,2,189.00
O11056,2025-03-04,C1380,Wireless Earbuds,1,64.99
O11056,2025-03-04,C1380,Water Bottle 32oz,1,57.87
O11056,2025-03-04,C1380,Massage Ball,1,47.52
O11057,2025-03-04,C1322,Yoga Strap,3,27.43
O11057,2025-03-04,C1322,Yoga Mat - Standard,2,32.00
O11057,2025-03-04,C1322,Protein Powder - Vanilla,2,42.00
O11058,2025-03-05,C1360,Yoga Strap,2,27.43
O11058,2025-03-05,C1360,Yoga Block (pair),1,61.78
O11059,2025-03-05,C1154,Kettlebell 20lb,1,69.17
O11059,2025-03-05,C1154,Massage Ball,1,47.52
O11059,2025-03-05,C1154,Phone Armband,1,18.23
O11060,2025-03-05,C1281,Kettlebell 20lb,2,69.17
O11060,2025-03-05,C1281,Phone Armband,1,18.23
O11060,2025-03-05,C1281,Tank Top - Heather,1,36.20
O11061,2025-03-05,C1223,Leggings - Olive,1,27.61
O11062,2025-03-05,C1257,Foam Roller,1,52.28
O11062,2025-03-05,C1257,Protein Powder - Chocolate,1,42.00
O11062,2025-03-05,C1257,Workout Towel,1,92.17
O11063,2025-03-05,C1289,Recovery Drink Mix,1,43.46
O11064,2025-03-05,C1203,Phone Armband,3,18.23
O11064,2025-03-05,C1203,Wireless Earbuds,1,64.99
O11065,2025-03-05,C1384,Phone Armband,1,18.23
O11065,2025-03-05,C1384,Kettlebell 20lb,1,69.17
O11066,2025-03-05,C1105,Foam Roller,1,52.28
O11067,2025-03-05,C1303,Wireless Earbuds,1,64.99
O11067,2025-03-05,C1303,Headband Set,1,81.11
O11068,2025-03-05,C1362,Yoga Strap,1,27.43
O11069,2025-03-05,C1023,Gym Bag - Black,1,31.61
O11069,2025-03-05,C1023,Yoga Mat - Standard,2,32.00
O11070,2025-03-05,C1142,Workout Towel,3,92.17
O11070,2025-03-05,C1142,Yoga Mat - Standard,1,32.00
O11070,2025-03-05,C1142,Pre-Workout,1,22.30
O11070,2025-03-05,C1142,Water Bottle 32oz,1,57.87
O11071,2025-03-05,C1323,Tank Top - Heather,1,36.20
O11071,2025-03-05,C1323,Tank Top - Black,1,39.66
O11072,2025-03-06,C1135,Leggings - Olive,1,27.61
O11072,2025-03-06,C1135,Gym Bag - Black,1,31.61
O11072,2025-03-06,C1135,Sports Bra,1,69.88
O11073,2025-03-06,C1374,Foam Roller,3,52.28
O11073,2025-03-06,C1374,Workout Towel,1,92.17
O11073,2025-03-06,C1374,Yoga Mat - Cork,1,78.00
O11073,2025-03-06,C1374,Phone Armband,1,18.23
O11073,2025-03-06,C1374,BCAA Powder,1,34.86
O11074,2025-03-06,C1195,Workout Towel,1,92.17
O11074,2025-03-06,C1195,Pre-Workout,2,22.30
O11074,2025-03-06,C1195,Protein Powder - Chocolate,1,42.00
O11075,2025-03-06,C1137,Pre-Workout,2,22.30
O11076,2025-03-06,C1385,Sports Bra,1,69.88
O11077,2025-03-06,C1371,Resistance Bands Set,1,28.15
O11077,2025-03-06,C1371,Yoga Block (pair),1,61.78
O11078,2025-03-06,C1090,Headband Set,2,81.11
O11079,2025-03-06,C1092,Yoga Mat - Cork,2,78.00
O11079,2025-03-06,C1092,Yoga Block (pair),1,61.78
O11080,2025-03-06,C1096,Yoga Block (pair),1,61.78
O11081,2025-03-06,C1232,Leggings - Black,1,24.59
O11081,2025-03-06,C1232,Sports Bra,1,69.88
O11081,2025-03-06,C1232,Yoga Mat - Cork,1,78.00
O11082,2025-03-06,C1329,Resistance Bands Set,3,28.15
O11082,2025-03-06,C1329,Foam Roller,1,52.28
O11082,2025-03-06,C1329,Workout Towel,1,92.17
O11082,2025-03-06,C1329,Yoga Mat - Cork,1,78.00
O11083,2025-03-06,C1362,Resistance Bands Set,1,28.15
O11084,2025-03-06,C1288,Foam Roller,1,52.28
O11084,2025-03-06,C1288,Gym Bag - Black,1,31.61
O11084,2025-03-06,C1288,Tank Top - Black,1,39.66
O11084,2025-03-06,C1288,Headband Set,1,81.11
O11085,2025-03-06,C1063,Yoga Mat - Standard,1,32.00
O11086,2025-03-06,C1151,Leggings - Olive,1,27.61
O11087,2025-03-06,C1114,Leggings - Olive,1,27.61
O11088,2025-03-06,C1180,Water Bottle 32oz,1,57.87
O11088,2025-03-06,C1180,BCAA Powder,2,34.86
O11089,2025-03-06,C1057,Yoga Strap,1,27.43
O11089,2025-03-06,C1057,Water Bottle 32oz,3,57.87
O11090,2025-03-06,C1182,Tank Top - Black,1,39.66
O11091,2025-03-06,C1043,Protein Powder - Chocolate,1,42.00
O11091,2025-03-06,C1043,BCAA Powder,1,34.86
O11091,2025-03-06,C1043,Pre-Workout,1,22.30
O11092,2025-03-06,C1146,Yoga Strap,1,27.43
O11093,2025-03-06,C1255,Workout Towel,1,92.17
O11093,2025-03-06,C1255,Recovery Drink Mix,1,43.46
O11094,2025-03-06,C1076,Resistance Bands Set,2,28.15
O11094,2025-03-06,C1076,Workout Towel,1,92.17
O11094,2025-03-06,C1076,Foam Roller,1,52.28
O11095,2025-03-06,C1372,Yoga Block (pair),1,61.78
O11096,2025-03-06,C1065,Leggings - Black,1,24.59
O11097,2025-03-07,C1217,Leggings - Olive,1,27.61
O11097,2025-03-07,C1217,Pre-Workout,2,22.30
O11098,2025-03-07,C1334,Leggings - Black,1,24.59
O11098,2025-03-07,C1334,Tank Top - Black,1,39.66
O11098,2025-03-07,C1334,Headband Set,1,81.11
O11098,2025-03-07,C1334,Water Bottle 32oz,1,57.87
O11099,2025-03-07,C1355,Water Bottle 32oz,1,57.87
O11099,2025-03-07,C1355,Recovery Drink Mix,1,43.46
O11099,2025-03-07,C1355,Yoga Block (pair),3,61.78
O11100,2025-03-07,C1008,Headband Set,3,81.11
O11101,2025-03-07,C1056,Tank Top - Heather,1,36.20
O11102,2025-03-07,C1398,Gym Bag - Black,2,31.61
O11102,2025-03-07,C1398,Sports Bra,1,69.88
O11102,2025-03-07,C1398,Resistance Bands Set,2,28.15
O11103,2025-03-07,C1215,Water Bottle 32oz,1,57.87
O11104,2025-03-07,C1070,Recovery Drink Mix,1,43.46
O11105,2025-03-07,C1193,Recovery Drink Mix,1,43.46
O11105,2025-03-07,C1193,Leggings - Olive,1,27.61
O11105,2025-03-07,C1193,Tank Top - Heather,1,36.20
O11106,2025-03-07,C1244,Foam Roller,1,52.28
O11106,2025-03-07,C1244,Yoga Mat - Cork,1,78.00
O11106,2025-03-07,C1244,Resistance Bands Set,1,28.15
O11107,2025-03-07,C1291,Leggings - Olive,1,27.61
O11107,2025-03-07,C1291,Sports Bra,1,69.88
O11107,2025-03-07,C1291,Tank Top - Heather,1,36.20
O11108,2025-03-07,C1210,Sports Bra,1,69.88
O11108,2025-03-07,C1210,Pre-Workout,1,22.30
O11108,2025-03-07,C1210,Recovery Drink Mix,1,43.46
O11109,2025-03-07,C1328,Kettlebell 20lb,1,69.17
O11110,2025-03-07,C1082,Leggings - Olive,1,27.61
O11111,2025-03-07,C1232,Workout Towel,1,92.17
O11111,2025-03-07,C1232,Protein Powder - Vanilla,1,42.00
O11112,2025-03-07,C1216,Workout Towel,3,92.17
O11112,2025-03-07,C1216,Yoga Block (pair),1,61.78
O11112,2025-03-07,C1216,Wireless Earbuds,1,64.99
O11112,2025-03-07,C1216,Leggings - Black,1,24.59
O11113,2025-03-07,C1112,Adjustable Dumbbells,3,189.00
O11114,2025-03-07,C1309,Recovery Drink Mix,1,43.46
O11114,2025-03-07,C1309,Sports Bra,1,69.88
O11114,2025-03-07,C1309,Headband Set,2,81.11
O11115,2025-03-07,C1084,Tank Top - Heather,1,36.20
O11116,2025-03-07,C1099,Yoga Strap,1,27.43
O11117,2025-03-07,C1308,Tank Top - Black,1,39.66
O11117,2025-03-07,C1308,Yoga Mat - Cork,1,78.00
O11117,2025-03-07,C1308,Water Bottle 32oz,1,57.87
O11118,2025-03-07,C1305,Gym Bag - Black,1,31.61
O11119,2025-03-07,C1103,Yoga Mat - Standard,3,32.00
O11119,2025-03-07,C1103,Yoga Block (pair),1,61.78
O11120,2025-03-08,C1023,Yoga Block (pair),2,61.78
O11121,2025-03-08,C1004,Kettlebell 20lb,1,69.17
O11121,2025-03-08,C1004,Gym Bag - Black,1,31.61
O11121,2025-03-08,C1004,Leggings - Black,1,24.59
O11121,2025-03-08,C1004,Wireless Earbuds,1,64.99
O11121,2025-03-08,C1004,Massage Ball,1,47.52
O11122,2025-03-08,C1169,Adjustable Dumbbells,2,189.00
O11122,2025-03-08,C1169,Wireless Earbuds,1,64.99
O11123,2025-03-08,C1300,Headband Set,1,81.11
O11123,2025-03-08,C1300,Protein Powder - Vanilla,1,42.00
O11123,2025-03-08,C1300,Yoga Mat - Standard,1,32.00
O11124,2025-03-08,C1320,Recovery Drink Mix,1,43.46
O11125,2025-03-08,C1110,Pre-Workout,1,22.30
O11125,2025-03-08,C1110,Resistance Bands Set,3,28.15
O11125,2025-03-08,C1110,Kettlebell 20lb,1,69.17
O11126,2025-03-08,C1373,Wireless Earbuds,1,64.99
O11126,2025-03-08,C1373,Tank Top - Black,1,39.66
O11127,2025-03-08,C1148,Leggings - Olive,1,27.61
O11128,2025-03-08,C1364,Leggings - Black,1,24.59
O11128,2025-03-08,C1364,Sports Bra,1,69.88
O11128,2025-03-08,C1364,Protein Powder - Vanilla,2,42.00
O11129,2025-03-08,C1073,Gym Bag - Black,1,31.61
O11129,2025-03-08,C1073,Phone Armband,1,18.23
O11129,2025-03-08,C1073,Yoga Block (pair),1,61.78
O11130,2025-03-08,C1151,Workout Towel,1,92.17
O11131,2025-03-08,C1180,Foam Roller,1,52.28
O11132,2025-03-08,C1235,Headband Set,3,81.11
O11133,2025-03-08,C1390,Pre-Workout,1,22.30
O11133,2025-03-08,C1390,Resistance Bands Set,1,28.15
O11133,2025-03-08,C1390,Yoga Strap,1,27.43
O11133,2025-03-08,C1390,Protein Powder - Vanilla,1,42.00
O11134,2025-03-08,C1317,Resistance Bands Set,2,28.15
O11134,2025-03-08,C1317,Workout Towel,3,92.17
O11134,2025-03-08,C1317,Foam Roller,1,52.28
O11135,2025-03-08,C1329,Water Bottle 32oz,1,57.87
O11136,2025-03-08,C1287,Yoga Strap,1,27.43
O11137,2025-03-08,C1081,Yoga Block (pair),1,61.78
O11137,2025-03-08,C1081,Water Bottle 32oz,1,57.87
O11138,2025-03-08,C1047,Sports Bra,1,69.88
O11139,2025-03-08,C1238,Foam Roller,1,52.28
O11140,2025-03-08,C1203,Massage Ball,1,47.52
O11140,2025-03-08,C1203,Leggings - Black,1,24.59
O11140,2025-03-08,C1203,Tank Top - Black,1,39.66
O11141,2025-03-08,C1108,Headband Set,1,81.11
O11141,2025-03-08,C1108,Yoga Strap,1,27.43
O11141,2025-03-08,C1108,Workout Towel,2,92.17
O11142,2025-03-08,C1074,Tank Top - Black,1,39.66
O11142,2025-03-08,C1074,Protein Powder - Vanilla,1,42.00
O11143,2025-03-09,C1031,Tank Top - Heather,1,36.20
O11143,2025-03-09,C1031,Leggings - Olive,2,27.61
O11143,2025-03-09,C1031,Headband Set,3,81.11
O11143,2025-03-09,C1031,Massage Ball,1,47.52
O11144,2025-03-09,C1138,Foam Roller,1,52.28
O11145,2025-03-09,C1035,Yoga Block (pair),1,61.78
O11146,2025-03-09,C1364,Leggings - Olive,2,27.61
O11146,2025-03-09,C1364,BCAA Powder,1,34.86
O11147,2025-03-09,C1027,Leggings - Olive,1,27.61
O11148,2025-03-09,C1385,Massage Ball,1,47.52
O11149,2025-03-09,C1214,Phone Armband,1,18.23
O11149,2025-03-09,C1214,Recovery Drink Mix,3,43.46
O11150,2025-03-09,C1223,Recovery Drink Mix,1,43.46
O11151,2025-03-09,C1005,Protein Powder - Chocolate,1,42.00
O11151,2025-03-09,C1005,Pre-Workout,3,22.30
O11152,2025-03-09,C1375,Adjustable Dumbbells,2,189.00
O11152,2025-03-09,C1375,Yoga Mat - Cork,1,78.00
O11152,2025-03-09,C1375,Water Bottle 32oz,1,57.87
O11153,2025-03-09,C1345,Wireless Earbuds,2,64.99
O11153,2025-03-09,C1345,Sports Bra,2,69.88
O11154,2025-03-09,C1324,Protein Powder - Vanilla,1,42.00
O11154,2025-03-09,C1324,Pre-Workout,1,22.30
O11155,2025-03-09,C1356,Foam Roller,1,52.28
O11155,2025-03-09,C1356,Protein Powder - Chocolate,1,42.00
O11156,2025-03-09,C1097,Protein Powder - Vanilla,1,42.00
O11156,2025-03-09,C1097,Tank Top - Heather,1,36.20
O11156,2025-03-09,C1097,Yoga Mat - Cork,1,78.00
O11156,2025-03-09,C1097,BCAA Powder,1,34.86
O11156,2025-03-09,C1097,Yoga Strap,1,27.43
O11157,2025-03-09,C1277,Kettlebell 20lb,1,69.17
O11157,2025-03-09,C1277,Tank Top - Black,1,39.66
O11158,2025-03-09,C1219,Phone Armband,1,18.23
O11159,2025-03-09,C1277,Gym Bag - Black,1,31.61
O11159,2025-03-09,C1277,BCAA Powder,1,34.86
O11160,2025-03-09,C1145,Yoga Strap,1,27.43
O11160,2025-03-09,C1145,Yoga Block (pair),1,61.78
O11161,2025-03-09,C1210,Adjustable Dumbbells,1,189.00
O11162,2025-03-09,C1278,Sports Bra,1,69.88
O11163,2025-03-10,C1341,Leggings - Olive,1,27.61
O11164,2025-03-10,C1397,Leggings - Black,3,24.59
O11164,2025-03-10,C1397,Tank Top - Black,1,39.66
O11165,2025-03-10,C1237,Pre-Workout,1,22.30
O11165,2025-03-10,C1237,Recovery Drink Mix,1,43.46
O11166,2025-03-10,C1191,Wireless Earbuds,1,64.99
O11166,2025-03-10,C1191,Headband Set,1,81.11
O11166,2025-03-10,C1191,Phone Armband,2,18.23
O11167,2025-03-10,C1016,Resistance Bands Set,1,28.15
O11168,2025-03-10,C1265,Protein Powder - Chocolate,1,42.00
O11168,2025-03-10,C1265,Pre-Workout,3,22.30
O11168,2025-03-10,C1265,Leggings - Olive,1,27.61
O11169,2025-03-10,C1329,Yoga Mat - Standard,2,32.00
O11170,2025-03-10,C1295,Pre-Workout,3,22.30
O11170,2025-03-10,C1295,Leggings - Black,1,24.59
O11171,2025-03-10,C1162,Leggings - Olive,1,27.61
O11171,2025-03-10,C1162,Sports Bra,1,69.88
O11172,2025-03-11,C1390,Workout Towel,1,92.17
O11172,2025-03-11,C1390,Phone Armband,1,18.23
O11173,2025-03-11,C1047,Leggings - Olive,1,27.61
O11174,2025-03-11,C1394,Yoga Mat - Cork,2,78.00
O11174,2025-03-11,C1394,Phone Armband,1,18.23
O11175,2025-03-11,C1195,Adjustable Dumbbells,1,189.00
O11176,2025-03-11,C1232,Kettlebell 20lb,1,69.17
O11176,2025-03-11,C1232,Tank Top - Heather,1,36.20
O11177,2025-03-11,C1113,Phone Armband,2,18.23
O11178,2025-03-11,C1371,Leggings - Black,2,24.59
O11178,2025-03-11,C1371,BCAA Powder,1,34.86
O11178,2025-03-11,C1371,Sports Bra,1,69.88
O11179,2025-03-11,C1296,Yoga Strap,1,27.43
O11179,2025-03-11,C1296,Sports Bra,1,69.88
O11179,2025-03-11,C1296,Protein Powder - Chocolate,2,42.00
O11180,2025-03-11,C1047,Tank Top - Heather,2,36.20
O11181,2025-03-11,C1106,Headband Set,1,81.11
O11182,2025-03-11,C1211,Pre-Workout,1,22.30
O11183,2025-03-11,C1351,Tank Top - Black,2,39.66
O11183,2025-03-11,C1351,Pre-Workout,2,22.30
O11184,2025-03-11,C1092,Foam Roller,1,52.28
O11185,2025-03-11,C1323,Yoga Mat - Standard,3,32.00
O11185,2025-03-11,C1323,Yoga Strap,1,27.43
O11186,2025-03-11,C1314,Yoga Mat - Cork,1,78.00
O11186,2025-03-11,C1314,Workout Towel,1,92.17
O11187,2025-03-11,C1310,Yoga Mat - Cork,1,78.00
O11188,2025-03-11,C1389,Tank Top - Heather,1,36.20
O11189,2025-03-11,C1111,Resistance Bands Set,1,28.15
O11190,2025-03-11,C1372,Resistance Bands Set,1,28.15
O11190,2025-03-11,C1372,Workout Towel,1,92.17
O11191,2025-03-11,C1362,Gym Bag - Black,1,31.61
O11191,2025-03-11,C1362,Sports Bra,1,69.88
O11192,2025-03-12,C1204,Workout Towel,2,92.17
O11192,2025-03-12,C1204,Foam Roller,1,52.28
O11192,2025-03-12,C1204,Massage Ball,3,47.52
O11192,2025-03-12,C1204,BCAA Powder,1,34.86
O11193,2025-03-12,C1392,Foam Roller,3,52.28
O11193,2025-03-12,C1392,Massage Ball,1,47.52
O11194,2025-03-12,C1228,Adjustable Dumbbells,1,189.00
O11194,2025-03-12,C1228,Water Bottle 32oz,1,57.87
O11195,2025-03-12,C1219,Tank Top - Heather,1,36.20
O11196,2025-03-12,C1323,Sports Bra,3,69.88
O11196,2025-03-12,C1323,Foam Roller,1,52.28
O11196,2025-03-12,C1323,Yoga Mat - Standard,1,32.00
O11197,2025-03-12,C1309,Pre-Workout,1,22.30
O11197,2025-03-12,C1309,Wireless Earbuds,1,64.99
O11197,2025-03-12,C1309,Tank Top - Heather,2,36.20
O11198,2025-03-12,C1219,Tank Top - Heather,1,36.20
O11198,2025-03-12,C1219,Water Bottle 32oz,1,57.87
O11198,2025-03-12,C1219,Yoga Block (pair),1,61.78
O11199,2025-03-12,C1160,Tank Top - Black,1,39.66
O11200,2025-03-12,C1367,Sports Bra,1,69.88
O11201,2025-03-12,C1164,Phone Armband,1,18.23
O11201,2025-03-12,C1164,Yoga Block (pair),1,61.78
O11201,2025-03-12,C1164,Leggings - Black,1,24.59
O11201,2025-03-12,C1164,Gym Bag - Black,1,31.61
O11202,2025-03-12,C1311,BCAA Powder,1,34.86
O11202,2025-03-12,C1311,Yoga Block (pair),1,61.78
O11202,2025-03-12,C1311,Protein Powder - Vanilla,1,42.00
O11202,2025-03-12,C1311,Pre-Workout,1,22.30
O11203,2025-03-12,C1100,Headband Set,1,81.11
O11204,2025-03-12,C1140,Yoga Strap,1,27.43
O11204,2025-03-12,C1140,Sports Bra,1,69.88
O11205,2025-03-12,C1196,Yoga Mat - Cork,1,78.00
O11206,2025-03-12,C1329,Protein Powder - Vanilla,1,42.00
O11206,2025-03-12,C1329,Sports Bra,1,69.88
O11206,2025-03-12,C1329,BCAA Powder,1,34.86
O11207,2025-03-12,C1172,Yoga Block (pair),1,61.78
O11207,2025-03-12,C1172,Headband Set,2,81.11
O11208,2025-03-12,C1370,Tank Top - Black,1,39.66
O11209,2025-03-12,C1204,Kettlebell 20lb,1,69.17
O11210,2025-03-12,C1313,Gym Bag - Black,1,31.61
O11211,2025-03-12,C1232,Pre-Workout,2,22.30
O11211,2025-03-12,C1232,Yoga Strap,2,27.43
O11212,2025-03-12,C1052,Yoga Mat - Standard,2,32.00
O11213,2025-03-12,C1071,Tank Top - Black,2,39.66
O11214,2025-03-12,C1370,Foam Roller,1,52.28
O11214,2025-03-12,C1370,Yoga Block (pair),2,61.78
O11215,2025-03-12,C1188,Phone Armband,2,18.23
O11215,2025-03-12,C1188,Yoga Mat - Cork,1,78.00
O11215,2025-03-12,C1188,Recovery Drink Mix,1,43.46
O11216,2025-03-13,C1024,Yoga Block (pair),1,61.78
O11216,2025-03-13,C1024,Workout Towel,2,92.17
O11216,2025-03-13,C1024,Tank Top - Black,1,39.66
O11216,2025-03-13,C1024,Recovery Drink Mix,1,43.46
O11217,2025-03-13,C1070,Yoga Strap,1,27.43
O11217,2025-03-13,C1070,Resistance Bands Set,1,28.15
O11218,2025-03-13,C1299,Leggings - Olive,1,27.61
O11218,2025-03-13,C1299,BCAA Powder,1,34.86
O11218,2025-03-13,C1299,Sports Bra,1,69.88
O11219,2025-03-13,C1247,Workout Towel,1,92.17
O11220,2025-03-13,C1364,Phone Armband,2,18.23
O11221,2025-03-13,C1124,Adjustable Dumbbells,1,189.00
O11221,2025-03-13,C1124,Recovery Drink Mix,3,43.46
O11222,2025-03-13,C1030,BCAA Powder,1,34.86
O11223,2025-03-13,C1197,Yoga Strap,1,27.43
O11224,2025-03-13,C1302,Wireless Earbuds,1,64.99
O11224,2025-03-13,C1302,Kettlebell 20lb,1,69.17
O11224,2025-03-13,C1302,Recovery Drink Mix,1,43.46
O11225,2025-03-13,C1066,Tank Top - Heather,1,36.20
O11226,2025-03-13,C1231,Wireless Earbuds,1,64.99
O11226,2025-03-13,C1231,Headband Set,2,81.11
O11226,2025-03-13,C1231,Phone Armband,1,18.23
O11226,2025-03-13,C1231,BCAA Powder,1,34.86
O11227,2025-03-14,C1381,Yoga Mat - Cork,2,78.00
O11228,2025-03-14,C1095,Headband Set,1,81.11
O11229,2025-03-14,C1231,Yoga Strap,2,27.43
O11230,2025-03-14,C1043,Massage Ball,1,47.52
O11231,2025-03-14,C1257,Tank Top - Black,1,39.66
O11231,2025-03-14,C1257,Yoga Mat - Standard,1,32.00
O11232,2025-03-14,C1025,Adjustable Dumbbells,1,189.00
O11232,2025-03-14,C1025,Massage Ball,1,47.52
O11233,2025-03-14,C1304,Protein Powder - Chocolate,1,42.00
O11234,2025-03-14,C1221,Yoga Mat - Standard,1,32.00
O11235,2025-03-14,C1056,Yoga Mat - Standard,2,32.00
O11236,2025-03-14,C1294,Yoga Block (pair),1,61.78
O11237,2025-03-14,C1141,Protein Powder - Chocolate,1,42.00
O11238,2025-03-15,C1200,Water Bottle 32oz,1,57.87
O11239,2025-03-15,C1354,Massage Ball,1,47.52
O11240,2025-03-15,C1104,Gym Bag - Black,1,31.61
O11241,2025-03-15,C1147,Yoga Strap,2,27.43
O11241,2025-03-15,C1147,Foam Roller,1,52.28
O11241,2025-03-15,C1147,Wireless Earbuds,1,64.99
O11242,2025-03-15,C1352,Tank Top - Black,1,39.66
O11243,2025-03-15,C1085,Sports Bra,1,69.88
O11244,2025-03-15,C1006,Leggings - Olive,3,27.61
O11244,2025-03-15,C1006,Sports Bra,2,69.88
O11245,2025-03-15,C1087,Yoga Mat - Cork,1,78.00
O11245,2025-03-15,C1087,Headband Set,1,81.11
O11246,2025-03-15,C1126,Yoga Mat - Standard,1,32.00
O11246,2025-03-15,C1126,Protein Powder - Vanilla,1,42.00
O11247,2025-03-15,C1116,Foam Roller,1,52.28
O11247,2025-03-15,C1116,Kettlebell 20lb,1,69.17
O11248,2025-03-15,C1155,Tank Top - Black,1,39.66
O11248,2025-03-15,C1155,Sports Bra,3,69.88
O11248,2025-03-15,C1155,Headband Set,1,81.11
O11249,2025-03-15,C1249,Sports Bra,1,69.88
O11250,2025-03-15,C1180,Tank Top - Black,2,39.66
O11251,2025-03-15,C1396,Protein Powder - Chocolate,1,42.00
O11251,2025-03-15,C1396,BCAA Powder,1,34.86
O11252,2025-03-15,C1010,Leggings - Olive,2,27.61
O11253,2025-03-15,C1337,Tank Top - Heather,1,36.20
O11253,2025-03-15,C1337,Headband Set,3,81.11
O11253,2025-03-15,C1337,Yoga Mat - Cork,1,78.00
O11253,2025-03-15,C1337,Water Bottle 32oz,1,57.87
O11253,2025-03-15,C1337,Protein Powder - Vanilla,1,42.00
O11254,2025-03-15,C1193,Workout Towel,1,92.17
O11254,2025-03-15,C1193,Pre-Workout,2,22.30
O11255,2025-03-15,C1230,Wireless Earbuds,1,64.99
O11255,2025-03-15,C1230,Headband Set,1,81.11
O11255,2025-03-15,C1230,Leggings - Black,2,24.59
O11255,2025-03-15,C1230,Workout Towel,1,92.17
O11255,2025-03-15,C1230,Phone Armband,1,18.23
O11256,2025-03-15,C1290,Tank Top - Heather,2,36.20
O11256,2025-03-15,C1290,Gym Bag - Black,1,31.61
O11256,2025-03-15,C1290,Yoga Strap,1,27.43
O11256,2025-03-15,C1290,Yoga Mat - Cork,1,78.00
O11256,2025-03-15,C1290,Headband Set,1,81.11
O11257,2025-03-15,C1285,Gym Bag - Black,1,31.61
O11257,2025-03-15,C1285,Headband Set,1,81.11
O11258,2025-03-16,C1232,Gym Bag - Black,2,31.61
O11259,2025-03-16,C1063,Gym Bag - Black,1,31.61
O11260,2025-03-16,C1180,Yoga Mat - Cork,1,78.00
O11260,2025-03-16,C1180,Yoga Block (pair),1,61.78
O11261,2025-03-16,C1257,Kettlebell 20lb,1,69.17
O11261,2025-03-16,C1257,Phone Armband,1,18.23
O11262,2025-03-16,C1138,Adjustable Dumbbells,1,189.00
O11263,2025-03-16,C1299,Gym Bag - Black,2,31.61
O11263,2025-03-16,C1299,Water Bottle 32oz,1,57.87
O11263,2025-03-16,C1299,Yoga Mat - Standard,1,32.00
O11263,2025-03-16,C1299,Headband Set,1,81.11
O11264,2025-03-16,C1204,Yoga Strap,1,27.43
O11264,2025-03-16,C1204,Workout Towel,1,92.17
O11264,2025-03-16,C1204,Gym Bag - Black,2,31.61
O11264,2025-03-16,C1204,Protein Powder - Chocolate,2,42.00
O11265,2025-03-16,C1071,Massage Ball,1,47.52
O11265,2025-03-16,C1071,Workout Towel,1,92.17
O11266,2025-03-17,C1156,Protein Powder - Vanilla,2,42.00
O11267,2025-03-17,C1236,Leggings - Black,1,24.59
O11267,2025-03-17,C1236,Leggings - Olive,1,27.61
O11268,2025-03-17,C1355,BCAA Powder,1,34.86
O11269,2025-03-17,C1239,Sports Bra,1,69.88
O11270,2025-03-17,C1210,Phone Armband,3,18.23
O11270,2025-03-17,C1210,Yoga Mat - Cork,1,78.00
O11271,2025-03-17,C1386,Gym Bag - Black,1,31.61
O11272,2025-03-17,C1297,Resistance Bands Set,2,28.15
O11272,2025-03-17,C1297,Protein Powder - Vanilla,1,42.00
O11273,2025-03-17,C1201,BCAA Powder,1,34.86
O11274,2025-03-17,C1390,Sports Bra,1,69.88
O11274,2025-03-17,C1390,Yoga Mat - Standard,3,32.00
O11274,2025-03-17,C1390,Yoga Block (pair),1,61.78
O11275,2025-03-17,C1304,Gym Bag - Black,1,31.61
O11276,2025-03-17,C1353,Yoga Mat - Standard,1,32.00
O11277,2025-03-17,C1299,Adjustable Dumbbells,1,189.00
O11277,2025-03-17,C1299,Recovery Drink Mix,1,43.46
O11278,2025-03-17,C1379,Resistance Bands Set,1,28.15
O11278,2025-03-17,C1379,Foam Roller,1,52.28
O11278,2025-03-17,C1379,Workout Towel,1,92.17
O11278,2025-03-17,C1379,Yoga Mat - Cork,1,78.00
O11278,2025-03-17,C1379,Protein Powder - Chocolate,1,42.00
O11279,2025-03-17,C1049,Yoga Strap,1,27.43
O11280,2025-03-17,C1258,Yoga Mat - Standard,1,32.00
O11280,2025-03-17,C1258,Gym Bag - Black,3,31.61
O11281,2025-03-17,C1120,Phone Armband,1,18.23
O11281,2025-03-17,C1120,Workout Towel,2,92.17
O11281,2025-03-17,C1120,Protein Powder - Chocolate,1,42.00
O11282,2025-03-17,C1221,Yoga Mat - Cork,1,78.00
O11283,2025-03-18,C1087,Recovery Drink Mix,1,43.46
O11283,2025-03-18,C1087,Phone Armband,1,18.23
O11284,2025-03-18,C1148,Protein Powder - Vanilla,1,42.00
O11284,2025-03-18,C1148,Recovery Drink Mix,1,43.46
O11285,2025-03-18,C1054,Leggings - Olive,1,27.61
O11285,2025-03-18,C1054,Tank Top - Heather,1,36.20
O11286,2025-03-18,C1005,Yoga Mat - Standard,1,32.00
O11286,2025-03-18,C1005,BCAA Powder,1,34.86
O11287,2025-03-18,C1181,Sports Bra,3,69.88
O11287,2025-03-18,C1181,Adjustable Dumbbells,1,189.00
O11287,2025-03-18,C1181,Workout Towel,2,92.17
O11287,2025-03-18,C1181,Yoga Mat - Cork,1,78.00
O11288,2025-03-18,C1178,Wireless Earbuds,1,64.99
O11288,2025-03-18,C1178,Phone Armband,1,18.23
O11288,2025-03-18,C1178,Headband Set,2,81.11
O11288,2025-03-18,C1178,Adjustable Dumbbells,1,189.00
O11289,2025-03-18,C1390,Leggings - Black,1,24.59
O11289,2025-03-18,C1390,Tank Top - Black,1,39.66
O11290,2025-03-18,C1337,Recovery Drink Mix,2,43.46
O11291,2025-03-18,C1397,Workout Towel,1,92.17
O11291,2025-03-18,C1397,Resistance Bands Set,1,28.15
O11292,2025-03-18,C1297,Protein Powder - Chocolate,2,42.00
O11293,2025-03-18,C1034,Adjustable Dumbbells,1,189.00
O11294,2025-03-18,C1049,Headband Set,1,81.11
O11294,2025-03-18,C1049,BCAA Powder,1,34.86
O11295,2025-03-18,C1395,Adjustable Dumbbells,1,189.00
O11295,2025-03-18,C1395,Yoga Strap,1,27.43
O11295,2025-03-18,C1395,Foam Roller,3,52.28
O11296,2025-03-18,C1032,Workout Towel,1,92.17
O11297,2025-03-18,C1383,Kettlebell 20lb,1,69.17
O11298,2025-03-19,C1089,Recovery Drink Mix,1,43.46
O11299,2025-03-19,C1068,Protein Powder - Vanilla,1,42.00
O11299,2025-03-19,C1068,Massage Ball,1,47.52
O11299,2025-03-19,C1068,BCAA Powder,1,34.86
O11299,2025-03-19,C1068,Water Bottle 32oz,1,57.87
O11299,2025-03-19,C1068,Pre-Workout,1,22.30
O11300,2025-03-19,C1342,Yoga Mat - Standard,2,32.00
O11301,2025-03-19,C1002,Leggings - Olive,1,27.61
O11302,2025-03-19,C1036,BCAA Powder,1,34.86
O11303,2025-03-19,C1372,Headband Set,2,81.11
O11303,2025-03-19,C1372,Massage Ball,1,47.52
O11304,2025-03-19,C1242,Tank Top - Heather,2,36.20
O11304,2025-03-19,C1242,Protein Powder - Chocolate,2,42.00
O11305,2025-03-19,C1034,Pre-Workout,2,22.30
O11305,2025-03-19,C1034,Leggings - Black,1,24.59
O11306,2025-03-20,C1400,Yoga Strap,1,27.43
O11307,2025-03-20,C1026,Tank Top - Black,1,39.66
O11307,2025-03-20,C1026,Yoga Mat - Cork,2,78.00
O11308,2025-03-20,C1128,Tank Top - Heather,1,36.20
O11309,2025-03-20,C1080,Yoga Block (pair),2,61.78
O11309,2025-03-20,C1080,Phone Armband,1,18.23
O11309,2025-03-20,C1080,Protein Powder - Vanilla,1,42.00
O11309,2025-03-20,C1080,Water Bottle 32oz,1,57.87
O11309,2025-03-20,C1080,Wireless Earbuds,1,64.99
O11310,2025-03-20,C1056,Workout Towel,1,92.17
O11310,2025-03-20,C1056,Pre-Workout,1,22.30
O11311,2025-03-20,C1133,Kettlebell 20lb,1,69.17
O11312,2025-03-20,C1104,Adjustable Dumbbells,1,189.00
O11312,2025-03-20,C1104,Workout Towel,1,92.17
O11313,2025-03-20,C1288,Recovery Drink Mix,3,43.46
O11313,2025-03-20,C1288,Kettlebell 20lb,2,69.17
O11313,2025-03-20,C1288,Yoga Mat - Standard,1,32.00
O11313,2025-03-20,C1288,Tank Top - Heather,1,36.20
O11314,2025-03-20,C1041,Headband Set,1,81.11
O11314,2025-03-20,C1041,Resistance Bands Set,1,28.15
O11314,2025-03-20,C1041,Workout Towel,1,92.17
O11314,2025-03-20,C1041,Adjustable Dumbbells,1,189.00
O11315,2025-03-20,C1220,Water Bottle 32oz,2,57.87
O11315,2025-03-20,C1220,Yoga Mat - Cork,1,78.00
O11316,2025-03-20,C1400,Phone Armband,1,18.23
O11316,2025-03-20,C1400,Protein Powder - Chocolate,1,42.00
O11316,2025-03-20,C1400,Leggings - Black,1,24.59
O11317,2025-03-20,C1026,Leggings - Black,1,24.59
O11318,2025-03-21,C1359,Resistance Bands Set,2,28.15
O11318,2025-03-21,C1359,Foam Roller,3,52.28
O11319,2025-03-21,C1188,Tank Top - Black,1,39.66
O11320,2025-03-21,C1029,Yoga Block (pair),1,61.78
O11321,2025-03-21,C1116,Kettlebell 20lb,1,69.17
O11321,2025-03-21,C1116,Phone Armband,3,18.23
O11322,2025-03-21,C1007,Water Bottle 32oz,1,57.87
O11322,2025-03-21,C1007,Yoga Mat - Standard,1,32.00
O11322,2025-03-21,C1007,Yoga Block (pair),1,61.78
O11323,2025-03-21,C1179,Water Bottle 32oz,1,57.87
O11323,2025-03-21,C1179,Gym Bag - Black,1,31.61
O11324,2025-03-21,C1336,Yoga Block (pair),1,61.78
O11325,2025-03-21,C1278,Recovery Drink Mix,1,43.46
O11326,2025-03-21,C1182,Water Bottle 32oz,2,57.87
O11326,2025-03-21,C1182,Sports Bra,1,69.88
O11326,2025-03-21,C1182,Recovery Drink Mix,1,43.46
O11326,2025-03-21,C1182,Gym Bag - Black,1,31.61
O11327,2025-03-21,C1269,Tank Top - Black,1,39.66
O11327,2025-03-21,C1269,Recovery Drink Mix,1,43.46
O11327,2025-03-21,C1269,Phone Armband,1,18.23
O11327,2025-03-21,C1269,Wireless Earbuds,3,64.99
O11328,2025-03-21,C1248,Massage Ball,2,47.52
O11329,2025-03-21,C1266,Adjustable Dumbbells,1,189.00
O11330,2025-03-21,C1062,Resistance Bands Set,1,28.15
O11331,2025-03-21,C1120,Pre-Workout,1,22.30
O11331,2025-03-21,C1120,Kettlebell 20lb,1,69.17
O11332,2025-03-21,C1255,Workout Towel,1,92.17
O11332,2025-03-21,C1255,Protein Powder - Vanilla,2,42.00
O11333,2025-03-21,C1043,Protein Powder - Chocolate,1,42.00
O11334,2025-03-21,C1009,Leggings - Black,1,24.59
O11334,2025-03-21,C1009,Sports Bra,1,69.88
O11334,2025-03-21,C1009,Tank Top - Black,1,39.66
O11334,2025-03-21,C1009,Phone Armband,1,18.23
O11335,2025-03-21,C1013,Kettlebell 20lb,1,69.17
O11335,2025-03-21,C1013,Tank Top - Black,1,39.66
O11335,2025-03-21,C1013,Workout Towel,1,92.17
O11336,2025-03-21,C1318,Leggings - Olive,1,27.61
O11336,2025-03-21,C1318,Adjustable Dumbbells,2,189.00
O11337,2025-03-21,C1283,Adjustable Dumbbells,2,189.00
O11338,2025-03-21,C1147,Phone Armband,1,18.23
O11338,2025-03-21,C1147,Sports Bra,1,69.88
O11338,2025-03-21,C1147,Leggings - Olive,1,27.61
O11338,2025-03-21,C1147,Protein Powder - Vanilla,3,42.00
O11339,2025-03-22,C1381,Water Bottle 32oz,3,57.87
O11339,2025-03-22,C1381,Resistance Bands Set,1,28.15
O11339,2025-03-22,C1381,Yoga Mat - Cork,1,78.00
O11339,2025-03-22,C1381,Workout Towel,1,92.17
O11339,2025-03-22,C1381,BCAA Powder,1,34.86
O11340,2025-03-22,C1202,Workout Towel,1,92.17
O11341,2025-03-22,C1337,Pre-Workout,2,22.30
O11342,2025-03-22,C1311,Gym Bag - Black,1,31.61
O11343,2025-03-22,C1164,Foam Roller,1,52.28
O11343,2025-03-22,C1164,Sports Bra,1,69.88
O11344,2025-03-22,C1018,Headband Set,1,81.11
O11344,2025-03-22,C1018,Pre-Workout,2,22.30
O11344,2025-03-22,C1018,Phone Armband,1,18.23
O11344,2025-03-22,C1018,Massage Ball,1,47.52
O11344,2025-03-22,C1018,Leggings - Olive,1,27.61
O11345,2025-03-22,C1032,Workout Towel,1,92.17
O11345,2025-03-22,C1032,Kettlebell 20lb,1,69.17
O11346,2025-03-22,C1253,Pre-Workout,1,22.30
O11347,2025-03-22,C1316,Water Bottle 32oz,1,57.87
O11347,2025-03-22,C1316,Yoga Strap,1,27.43
O11348,2025-03-22,C1259,Protein Powder - Vanilla,3,42.00
O11348,2025-03-22,C1259,Recovery Drink Mix,1,43.46
O11348,2025-03-22,C1259,Yoga Mat - Standard,2,32.00
O11348,2025-03-22,C1259,Workout Towel,2,92.17
O11349,2025-03-22,C1276,Protein Powder - Chocolate,1,42.00
O11349,2025-03-22,C1276,Pre-Workout,1,22.30
O11349,2025-03-22,C1276,BCAA Powder,1,34.86
O11350,2025-03-22,C1292,BCAA Powder,1,34.86
O11351,2025-03-22,C1328,Gym Bag - Black,1,31.61
O11351,2025-03-22,C1328,Resistance Bands Set,1,28.15
O11352,2025-03-22,C1184,Leggings - Olive,2,27.61
O11353,2025-03-22,C1191,Gym Bag - Black,1,31.61
O11353,2025-03-22,C1191,Protein Powder - Chocolate,1,42.00
O11354,2025-03-22,C1148,Protein Powder - Vanilla,1,42.00
O11354,2025-03-22,C1148,Recovery Drink Mix,1,43.46
O11354,2025-03-22,C1148,BCAA Powder,1,34.86
O11354,2025-03-22,C1148,Kettlebell 20lb,2,69.17
O11355,2025-03-22,C1193,Yoga Mat - Standard,3,32.00
O11355,2025-03-22,C1193,Resistance Bands Set,3,28.15
O11355,2025-03-22,C1193,Yoga Block (pair),3,61.78
O11356,2025-03-22,C1289,Protein Powder - Vanilla,1,42.00
O11356,2025-03-22,C1289,Adjustable Dumbbells,1,189.00
O11357,2025-03-22,C1270,Protein Powder - Chocolate,2,42.00
O11357,2025-03-22,C1270,BCAA Powder,1,34.86
O11357,2025-03-22,C1270,Pre-Workout,1,22.30
O11358,2025-03-22,C1124,Tank Top - Heather,1,36.20
O11358,2025-03-22,C1124,Water Bottle 32oz,3,57.87
O11358,2025-03-22,C1124,Sports Bra,1,69.88
O11359,2025-03-22,C1227,Leggings - Olive,2,27.61
O11359,2025-03-22,C1227,Tank Top - Heather,1,36.20
O11359,2025-03-22,C1227,Yoga Block (pair),1,61.78
O11360,2025-03-22,C1229,Water Bottle 32oz,2,57.87
O11360,2025-03-22,C1229,Protein Powder - Vanilla,1,42.00
O11360,2025-03-22,C1229,Resistance Bands Set,2,28.15
O11361,2025-03-23,C1310,Gym Bag - Black,1,31.61
O11362,2025-03-23,C1060,Leggings - Olive,1,27.61
O11363,2025-03-23,C1075,Pre-Workout,1,22.30
O11363,2025-03-23,C1075,Kettlebell 20lb,1,69.17
O11364,2025-03-23,C1232,Yoga Strap,1,27.43
O11365,2025-03-23,C1391,Headband Set,1,81.11
O11365,2025-03-23,C1391,Adjustable Dumbbells,2,189.00
O11366,2025-03-23,C1220,Foam Roller,3,52.28
O11367,2025-03-23,C1067,Wireless Earbuds,1,64.99
O11367,2025-03-23,C1067,Leggings - Olive,1,27.61
O11368,2025-03-23,C1285,Gym Bag - Black,1,31.61
O11369,2025-03-23,C1172,Protein Powder - Chocolate,1,42.00
O11369,2025-03-23,C1172,Pre-Workout,2,22.30
O11370,2025-03-23,C1229,Pre-Workout,1,22.30
O11370,2025-03-23,C1229,Sports Bra,1,69.88
O11370,2025-03-23,C1229,Adjustable Dumbbells,1,189.00
O11370,2025-03-23,C1229,Leggings - Olive,1,27.61
O11371,2025-03-23,C1392,Wireless Earbuds,1,64.99
O11371,2025-03-23,C1392,Phone Armband,1,18.23
O11372,2025-03-23,C1332,Tank Top - Black,1,39.66
O11372,2025-03-23,C1332,Sports Bra,1,69.88
O11373,2025-03-24,C1395,Gym Bag - Black,1,31.61
O11374,2025-03-24,C1024,Wireless Earbuds,1,64.99
O11374,2025-03-24,C1024,Leggings - Olive,1,27.61
O11375,2025-03-24,C1387,Resistance Bands Set,1,28.15
O11376,2025-03-24,C1376,Adjustable Dumbbells,1,189.00
O11376,2025-03-24,C1376,Water Bottle 32oz,1,57.87
O11376,2025-03-24,C1376,Protein Powder - Chocolate,1,42.00
O11376,2025-03-24,C1376,Workout Towel,1,92.17
O11377,2025-03-24,C1086,Workout Towel,3,92.17
O11378,2025-03-24,C1385,Water Bottle 32oz,1,57.87
O11379,2025-03-24,C1072,Phone Armband,2,18.23
O11380,2025-03-24,C1386,Protein Powder - Chocolate,2,42.00
O11381,2025-03-24,C1276,Massage Ball,1,47.52
O11381,2025-03-24,C1276,Yoga Mat - Cork,2,78.00
O11382,2025-03-24,C1189,Protein Powder - Vanilla,1,42.00
O11383,2025-03-24,C1227,Sports Bra,2,69.88
O11383,2025-03-24,C1227,Gym Bag - Black,1,31.61
O11384,2025-03-24,C1061,Leggings - Olive,2,27.61
O11384,2025-03-24,C1061,Sports Bra,3,69.88
O11385,2025-03-24,C1374,Tank Top - Heather,1,36.20
O11385,2025-03-24,C1374,Yoga Block (pair),1,61.78
O11386,2025-03-24,C1038,Wireless Earbuds,1,64.99
O11387,2025-03-24,C1232,Wireless Earbuds,1,64.99
O11387,2025-03-24,C1232,Yoga Block (pair),1,61.78
O11388,2025-03-24,C1019,Recovery Drink Mix,1,43.46
O11388,2025-03-24,C1019,Wireless Earbuds,2,64.99
O11389,2025-03-25,C1324,Water Bottle 32oz,1,57.87
O11389,2025-03-25,C1324,Resistance Bands Set,2,28.15
O11390,2025-03-25,C1112,Workout Towel,1,92.17
O11390,2025-03-25,C1112,Headband Set,2,81.11
O11391,2025-03-25,C1375,Resistance Bands Set,3,28.15
O11391,2025-03-25,C1375,Foam Roller,2,52.28
O11392,2025-03-25,C1383,Leggings - Olive,1,27.61
O11393,2025-03-25,C1285,Recovery Drink Mix,1,43.46
O11393,2025-03-25,C1285,Foam Roller,1,52.28
O11394,2025-03-25,C1314,Protein Powder - Vanilla,1,42.00
O11395,2025-03-25,C1178,BCAA Powder,2,34.86
O11395,2025-03-25,C1178,Foam Roller,2,52.28
O11396,2025-03-25,C1149,Headband Set,1,81.11
O11396,2025-03-25,C1149,Pre-Workout,1,22.30
O11397,2025-03-25,C1246,Water Bottle 32oz,1,57.87
O11398,2025-03-26,C1214,Tank Top - Black,1,39.66
O11398,2025-03-26,C1214,Water Bottle 32oz,3,57.87
O11398,2025-03-26,C1214,BCAA Powder,1,34.86
O11398,2025-03-26,C1214,Leggings - Olive,1,27.61
O11398,2025-03-26,C1214,Yoga Strap,1,27.43
O11399,2025-03-26,C1065,Headband Set,1,81.11
O11399,2025-03-26,C1065,Protein Powder - Chocolate,1,42.00
O11400,2025-03-26,C1148,Massage Ball,2,47.52
O11401,2025-03-26,C1400,Phone Armband,1,18.23
O11401,2025-03-26,C1400,Kettlebell 20lb,1,69.17
O11402,2025-03-26,C1210,Sports Bra,1,69.88
O11403,2025-03-26,C1133,Workout Towel,1,92.17
O11403,2025-03-26,C1133,Headband Set,2,81.11
O11403,2025-03-26,C1133,Adjustable Dumbbells,1,189.00
O11403,2025-03-26,C1133,Water Bottle 32oz,1,57.87
O11404,2025-03-26,C1293,Phone Armband,1,18.23
O11404,2025-03-26,C1293,Massage Ball,3,47.52
O11404,2025-03-26,C1293,Kettlebell 20lb,1,69.17
O11404,2025-03-26,C1293,Pre-Workout,1,22.30
O11405,2025-03-26,C1276,Adjustable Dumbbells,1,189.00
O11406,2025-03-26,C1194,Recovery Drink Mix,1,43.46
O11407,2025-03-26,C1180,Phone Armband,1,18.23
O11407,2025-03-26,C1180,Yoga Block (pair),1,61.78
O11407,2025-03-26,C1180,Pre-Workout,1,22.30
O11408,2025-03-26,C1080,Leggings - Black,2,24.59
O11408,2025-03-26,C1080,Water Bottle 32oz,1,57.87
O11408,2025-03-26,C1080,Sports Bra,1,69.88
O11409,2025-03-26,C1375,Yoga Mat - Cork,1,78.00
O11410,2025-03-26,C1010,Wireless Earbuds,1,64.99
O11410,2025-03-26,C1010,Headband Set,1,81.11
O11410,2025-03-26,C1010,Yoga Mat - Standard,1,32.00
O11411,2025-03-26,C1395,Yoga Mat - Standard,2,32.00
O11411,2025-03-26,C1395,Yoga Block (pair),1,61.78
O11412,2025-03-26,C1205,Adjustable Dumbbells,2,189.00
O11413,2025-03-26,C1043,Wireless Earbuds,1,64.99
O11414,2025-03-26,C1390,Yoga Mat - Cork,1,78.00
O11414,2025-03-26,C1390,Workout Towel,1,92.17
O11414,2025-03-26,C1390,Resistance Bands Set,1,28.15
O11415,2025-03-27,C1165,Adjustable Dumbbells,1,189.00
O11415,2025-03-27,C1165,Water Bottle 32oz,1,57.87
O11416,2025-03-27,C1335,Leggings - Black,1,24.59
O11416,2025-03-27,C1335,Sports Bra,1,69.88
O11417,2025-03-27,C1142,Recovery Drink Mix,1,43.46
O11417,2025-03-27,C1142,Phone Armband,1,18.23
O11418,2025-03-27,C1254,Tank Top - Heather,1,36.20
O11418,2025-03-27,C1254,Kettlebell 20lb,1,69.17
O11418,2025-03-27,C1254,Phone Armband,1,18.23
O11419,2025-03-27,C1012,Water Bottle 32oz,1,57.87
O11420,2025-03-27,C1244,Pre-Workout,1,22.30
O11420,2025-03-27,C1244,Gym Bag - Black,2,31.61
O11421,2025-03-27,C1042,Foam Roller,1,52.28
O11422,2025-03-27,C1250,Yoga Block (pair),1,61.78
O11422,2025-03-27,C1250,Resistance Bands Set,2,28.15
O11423,2025-03-27,C1267,Protein Powder - Vanilla,1,42.00
O11423,2025-03-27,C1267,Yoga Mat - Standard,1,32.00
O11423,2025-03-27,C1267,Workout Towel,2,92.17
O11424,2025-03-27,C1018,Protein Powder - Vanilla,1,42.00
O11425,2025-03-27,C1002,Massage Ball,1,47.52
O11426,2025-03-27,C1250,Tank Top - Black,1,39.66
O11426,2025-03-27,C1250,Pre-Workout,1,22.30
O11427,2025-03-27,C1247,Adjustable Dumbbells,2,189.00
O11427,2025-03-27,C1247,Yoga Block (pair),1,61.78
O11428,2025-03-27,C1039,Kettlebell 20lb,1,69.17
O11429,2025-03-27,C1266,Foam Roller,2,52.28
O11429,2025-03-27,C1266,Massage Ball,1,47.52
O11429,2025-03-27,C1266,Sports Bra,2,69.88
O11430,2025-03-27,C1253,Wireless Earbuds,1,64.99
O11431,2025-03-27,C1383,Leggings - Olive,1,27.61
O11431,2025-03-27,C1383,Tank Top - Heather,1,36.20
O11431,2025-03-27,C1383,Sports Bra,2,69.88
O11431,2025-03-27,C1383,BCAA Powder,1,34.86
O11432,2025-03-28,C1072,BCAA Powder,1,34.86
O11433,2025-03-28,C1314,Tank Top - Heather,1,36.20
O11433,2025-03-28,C1314,Wireless Earbuds,2,64.99
O11433,2025-03-28,C1314,Protein Powder - Chocolate,2,42.00
O11433,2025-03-28,C1314,Workout Towel,1,92.17
O11433,2025-03-28,C1314,Headband Set,2,81.11
O11434,2025-03-28,C1069,Recovery Drink Mix,2,43.46
O11435,2025-03-28,C1005,Foam Roller,1,52.28
O11436,2025-03-28,C1034,Yoga Mat - Cork,1,78.00
O11436,2025-03-28,C1034,Yoga Block (pair),1,61.78
O11436,2025-03-28,C1034,Yoga Strap,1,27.43
O11436,2025-03-28,C1034,Tank Top - Black,2,39.66
O11436,2025-03-28,C1034,Workout Towel,1,92.17
O11437,2025-03-28,C1007,Workout Towel,1,92.17
O11437,2025-03-28,C1007,Gym Bag - Black,1,31.61
O11437,2025-03-28,C1007,Leggings - Olive,1,27.61
O11437,2025-03-28,C1007,Protein Powder - Vanilla,2,42.00
O11438,2025-03-28,C1287,BCAA Powder,1,34.86
O11438,2025-03-28,C1287,Massage Ball,1,47.52
O11439,2025-03-28,C1374,Foam Roller,1,52.28
O11440,2025-03-28,C1052,Wireless Earbuds,1,64.99
O11441,2025-03-28,C1392,Protein Powder - Vanilla,1,42.00
O11442,2025-03-28,C1303,Adjustable Dumbbells,2,189.00
O11442,2025-03-28,C1303,BCAA Powder,1,34.86
O11443,2025-03-28,C1001,Massage Ball,1,47.52
O11443,2025-03-28,C1001,Yoga Block (pair),1,61.78
O11443,2025-03-28,C1001,Protein Powder - Chocolate,2,42.00
O11444,2025-03-28,C1165,Yoga Mat - Standard,1,32.00
O11445,2025-03-29,C1217,Tank Top - Black,1,39.66
O11445,2025-03-29,C1217,Gym Bag - Black,1,31.61
O11446,2025-03-29,C1286,Kettlebell 20lb,1,69.17
O11447,2025-03-29,C1242,Wireless Earbuds,1,64.99
O11448,2025-03-29,C1040,Massage Ball,1,47.52
O11448,2025-03-29,C1040,Foam Roller,2,52.28
O11448,2025-03-29,C1040,Pre-Workout,1,22.30
O11448,2025-03-29,C1040,Workout Towel,1,92.17
O11449,2025-03-29,C1128,Phone Armband,1,18.23
O11449,2025-03-29,C1128,Leggings - Olive,1,27.61
O11450,2025-03-29,C1187,Kettlebell 20lb,1,69.17
O11450,2025-03-29,C1187,BCAA Powder,1,34.86
O11450,2025-03-29,C1187,Tank Top - Heather,2,36.20
O11450,2025-03-29,C1187,Adjustable Dumbbells,2,189.00
O11451,2025-03-29,C1097,Foam Roller,2,52.28
O11452,2025-03-29,C1005,Tank Top - Heather,1,36.20
O11453,2025-03-29,C1002,Tank Top - Black,2,39.66
O11453,2025-03-29,C1002,Yoga Strap,2,27.43
O11454,2025-03-29,C1257,Protein Powder - Chocolate,1,42.00
O11454,2025-03-29,C1257,BCAA Powder,1,34.86
O11454,2025-03-29,C1257,Leggings - Black,1,24.59
O11454,2025-03-29,C1257,Pre-Workout,1,22.30
O11455,2025-03-29,C1367,Protein Powder - Chocolate,1,42.00
O11455,2025-03-29,C1367,Headband Set,1,81.11
O11455,2025-03-29,C1367,Pre-Workout,1,22.30
O11455,2025-03-29,C1367,BCAA Powder,1,34.86
O11456,2025-03-29,C1067,Yoga Strap,1,27.43
O11457,2025-03-29,C1326,Tank Top - Black,1,39.66
O11457,2025-03-29,C1326,Yoga Strap,2,27.43
O11457,2025-03-29,C1326,Phone Armband,1,18.23
O11458,2025-03-29,C1377,BCAA Powder,2,34.86
O11459,2025-03-29,C1162,Foam Roller,1,52.28
O11459,2025-03-29,C1162,Protein Powder - Vanilla,2,42.00
O11459,2025-03-29,C1162,Adjustable Dumbbells,1,189.00
O11459,2025-03-29,C1162,Tank Top - Heather,2,36.20
O11460,2025-03-29,C1342,Massage Ball,2,47.52
O11461,2025-03-29,C1256,Workout Towel,1,92.17
O11462,2025-03-29,C1227,Protein Powder - Chocolate,1,42.00
O11463,2025-03-29,C1258,Pre-Workout,2,22.30
O11463,2025-03-29,C1258,Adjustable Dumbbells,2,189.00
O11464,2025-03-29,C1159,Tank Top - Heather,1,36.20
O11465,2025-03-29,C1238,Recovery Drink Mix,1,43.46
O11465,2025-03-29,C1238,Yoga Block (pair),1,61.78
O11466,2025-03-29,C1059,Foam Roller,1,52.28
O11466,2025-03-29,C1059,Adjustable Dumbbells,1,189.00
O11466,2025-03-29,C1059,Yoga Block (pair),1,61.78
O11467,2025-03-30,C1005,Tank Top - Heather,1,36.20
O11468,2025-03-30,C1370,Gym Bag - Black,1,31.61
O11468,2025-03-30,C1370,BCAA Powder,1,34.86
O11468,2025-03-30,C1370,Pre-Workout,1,22.30
O11468,2025-03-30,C1370,Massage Ball,1,47.52
O11469,2025-03-30,C1146,Resistance Bands Set,1,28.15
O11470,2025-03-30,C1211,Massage Ball,1,47.52
O11471,2025-03-30,C1102,Gym Bag - Black,1,31.61
O11472,2025-03-30,C1225,Headband Set,1,81.11
O11473,2025-03-30,C1186,Pre-Workout,1,22.30
O11474,2025-03-30,C1323,Foam Roller,2,52.28
O11474,2025-03-30,C1323,Yoga Mat - Standard,1,32.00
O11475,2025-03-30,C1079,Massage Ball,1,47.52
O11475,2025-03-30,C1079,Recovery Drink Mix,1,43.46
O11476,2025-03-30,C1349,Massage Ball,3,47.52
O11476,2025-03-30,C1349,Tank Top - Black,1,39.66
O11476,2025-03-30,C1349,Recovery Drink Mix,1,43.46
O11477,2025-03-30,C1137,Kettlebell 20lb,1,69.17
O11478,2025-03-30,C1111,Yoga Mat - Standard,1,32.00
O11478,2025-03-30,C1111,Wireless Earbuds,1,64.99
O11479,2025-03-30,C1071,Tank Top - Black,1,39.66
O11479,2025-03-30,C1071,Tank Top - Heather,1,36.20
O11480,2025-03-31,C1165,Pre-Workout,1,22.30
O11480,2025-03-31,C1165,Tank Top - Heather,1,36.20
O11480,2025-03-31,C1165,Yoga Mat - Cork,1,78.00
O11481,2025-03-31,C1051,Tank Top - Heather,1,36.20
O11482,2025-03-31,C1239,Kettlebell 20lb,1,69.17
O11482,2025-03-31,C1239,Yoga Mat - Cork,1,78.00
O11483,2025-03-31,C1303,Leggings - Olive,2,27.61
O11483,2025-03-31,C1303,Headband Set,1,81.11
O11484,2025-03-31,C1191,Headband Set,1,81.11
O11484,2025-03-31,C1191,BCAA Powder,1,34.86
O11485,2025-03-31,C1119,Wireless Earbuds,1,64.99
O11485,2025-03-31,C1119,Headband Set,1,81.11
O11485,2025-03-31,C1119,Protein Powder - Vanilla,1,42.00
O11486,2025-03-31,C1153,Recovery Drink Mix,1,43.46
O11486,2025-03-31,C1153,Wireless Earbuds,1,64.99
O11486,2025-03-31,C1153,Massage Ball,1,47.52
O11486,2025-03-31,C1153,Protein Powder - Vanilla,3,42.00
O11487,2025-03-31,C1046,Kettlebell 20lb,1,69.17
O11488,2025-03-31,C1177,Foam Roller,1,52.28
O11488,2025-03-31,C1177,Sports Bra,1,69.88
O11489,2025-04-01,C1154,Foam Roller,1,52.28
O11490,2025-04-01,C1104,Adjustable Dumbbells,1,189.00
O11490,2025-04-01,C1104,Water Bottle 32oz,1,57.87
O11491,2025-04-01,C1051,BCAA Powder,1,34.86
O11491,2025-04-01,C1051,Leggings - Black,2,24.59
O11492,2025-04-01,C1342,Sports Bra,1,69.88
O11493,2025-04-01,C1390,Leggings - Black,1,24.59
O11493,2025-04-01,C1390,Sports Bra,1,69.88
O11493,2025-04-01,C1390,Tank Top - Black,1,39.66
O11493,2025-04-01,C1390,BCAA Powder,1,34.86
O11494,2025-04-01,C1250,Protein Powder - Vanilla,1,42.00
O11494,2025-04-01,C1250,Recovery Drink Mix,1,43.46
O11495,2025-04-01,C1185,Yoga Mat - Cork,1,78.00
O11496,2025-04-01,C1384,Yoga Block (pair),1,61.78
O11497,2025-04-01,C1070,Yoga Mat - Standard,1,32.00
O11497,2025-04-01,C1070,Yoga Strap,1,27.43
O11498,2025-04-01,C1092,Gym Bag - Black,1,31.61
O11499,2025-04-01,C1246,Leggings - Olive,1,27.61
O11500,2025-04-01,C1203,Yoga Strap,2,27.43
O11500,2025-04-01,C1203,Sports Bra,1,69.88
O11501,2025-04-01,C1375,Leggings - Black,2,24.59
O11502,2025-04-02,C1082,Protein Powder - Vanilla,1,42.00
O11503,2025-04-02,C1351,Headband Set,3,81.11
O11503,2025-04-02,C1351,Pre-Workout,1,22.30
O11504,2025-04-02,C1394,Leggings - Olive,1,27.61
O11505,2025-04-02,C1324,Sports Bra,1,69.88
O11506,2025-04-02,C1399,Tank Top - Black,3,39.66
O11506,2025-04-02,C1399,Phone Armband,1,18.23
O11507,2025-04-02,C1091,Phone Armband,1,18.23
O11507,2025-04-02,C1091,Kettlebell 20lb,1,69.17
O11507,2025-04-02,C1091,Leggings - Black,2,24.59
O11507,2025-04-02,C1091,BCAA Powder,1,34.86
O11507,2025-04-02,C1091,Yoga Block (pair),1,61.78
O11508,2025-04-02,C1314,Sports Bra,1,69.88
O11508,2025-04-02,C1314,Leggings - Olive,1,27.61
O11508,2025-04-02,C1314,Yoga Mat - Standard,2,32.00
O11509,2025-04-02,C1235,Protein Powder - Chocolate,1,42.00
O11510,2025-04-03,C1217,Gym Bag - Black,1,31.61
O11511,2025-04-03,C1012,Foam Roller,1,52.28
O11511,2025-04-03,C1012,Gym Bag - Black,1,31.61
O11512,2025-04-03,C1166,Yoga Mat - Standard,1,32.00
O11513,2025-04-03,C1182,Phone Armband,1,18.23
O11513,2025-04-03,C1182,Adjustable Dumbbells,1,189.00
O11513,2025-04-03,C1182,Leggings - Black,1,24.59
O11514,2025-04-03,C1372,Headband Set,1,81.11
O11515,2025-04-03,C1140,Sports Bra,1,69.88
O11516,2025-04-03,C1124,Adjustable Dumbbells,1,189.00
O11516,2025-04-03,C1124,Protein Powder - Vanilla,3,42.00
O11516,2025-04-03,C1124,Workout Towel,1,92.17
O11516,2025-04-03,C1124,Water Bottle 32oz,2,57.87
O11517,2025-04-03,C1195,Adjustable Dumbbells,1,189.00
O11517,2025-04-03,C1195,Water Bottle 32oz,1,57.87
O11518,2025-04-03,C1382,Pre-Workout,1,22.30
O11519,2025-04-03,C1040,Leggings - Olive,1,27.61
O11519,2025-04-03,C1040,Massage Ball,1,47.52
O11519,2025-04-03,C1040,Gym Bag - Black,1,31.61
O11520,2025-04-03,C1355,Tank Top - Heather,1,36.20
O11520,2025-04-03,C1355,Protein Powder - Vanilla,2,42.00
O11520,2025-04-03,C1355,Headband Set,1,81.11
O11521,2025-04-03,C1352,Workout Towel,1,92.17
O11521,2025-04-03,C1352,Wireless Earbuds,1,64.99
O11521,2025-04-03,C1352,BCAA Powder,1,34.86
O11522,2025-04-03,C1145,Leggings - Olive,1,27.61
O11523,2025-04-03,C1400,Resistance Bands Set,1,28.15
O11523,2025-04-03,C1400,Workout Towel,3,92.17
O11524,2025-04-03,C1162,Water Bottle 32oz,1,57.87
O11525,2025-04-03,C1166,Protein Powder - Chocolate,1,42.00
O11526,2025-04-04,C1301,Protein Powder - Chocolate,1,42.00
O11526,2025-04-04,C1301,BCAA Powder,1,34.86
O11527,2025-04-04,C1175,Tank Top - Heather,2,36.20
O11528,2025-04-04,C1077,Adjustable Dumbbells,1,189.00
O11528,2025-04-04,C1077,Workout Towel,1,92.17
O11529,2025-04-04,C1016,Protein Powder - Vanilla,1,42.00
O11529,2025-04-04,C1016,Pre-Workout,3,22.30
O11530,2025-04-04,C1042,Wireless Earbuds,1,64.99
O11531,2025-04-04,C1149,Sports Bra,1,69.88
O11531,2025-04-04,C1149,BCAA Powder,1,34.86
O11532,2025-04-04,C1085,Protein Powder - Vanilla,1,42.00
O11532,2025-04-04,C1085,Pre-Workout,1,22.30
O11533,2025-04-04,C1380,Water Bottle 32oz,2,57.87
O11533,2025-04-04,C1380,Leggings - Black,1,24.59
O11534,2025-04-04,C1310,Yoga Strap,1,27.43
O11534,2025-04-04,C1310,Leggings - Black,1,24.59
O11534,2025-04-04,C1310,Massage Ball,1,47.52
O11535,2025-04-04,C1081,Adjustable Dumbbells,1,189.00
O11535,2025-04-04,C1081,Phone Armband,1,18.23
O11535,2025-04-04,C1081,Workout Towel,1,92.17
O11536,2025-04-04,C1185,BCAA Powder,3,34.86
O11537,2025-04-04,C1390,Wireless Earbuds,1,64.99
O11537,2025-04-04,C1390,Leggings - Black,1,24.59
O11538,2025-04-04,C1387,Sports Bra,2,69.88
O11538,2025-04-04,C1387,Foam Roller,1,52.28
O11539,2025-04-04,C1147,Tank Top - Black,1,39.66
O11540,2025-04-04,C1335,Yoga Strap,1,27.43
O11541,2025-04-04,C1334,Leggings - Olive,1,27.61
O11541,2025-04-04,C1334,Sports Bra,1,69.88
O11542,2025-04-04,C1317,Yoga Block (pair),1,61.78
O11542,2025-04-04,C1317,Protein Powder - Chocolate,1,42.00
O11543,2025-04-04,C1011,Water Bottle 32oz,1,57.87
O11544,2025-04-04,C1320,Yoga Block (pair),1,61.78
O11544,2025-04-04,C1320,Tank Top - Heather,1,36.20
O11545,2025-04-04,C1334,Wireless Earbuds,2,64.99
O11546,2025-04-04,C1082,Adjustable Dumbbells,1,189.00
O11546,2025-04-04,C1082,Foam Roller,1,52.28
O11547,2025-04-04,C1102,Gym Bag - Black,1,31.61
O11548,2025-04-05,C1105,Sports Bra,1,69.88
O11548,2025-04-05,C1105,Water Bottle 32oz,1,57.87
O11549,2025-04-05,C1123,Sports Bra,1,69.88
O11549,2025-04-05,C1123,Wireless Earbuds,1,64.99
O11549,2025-04-05,C1123,Pre-Workout,1,22.30
O11550,2025-04-05,C1081,Adjustable Dumbbells,3,189.00
O11551,2025-04-05,C1003,BCAA Powder,2,34.86
O11551,2025-04-05,C1003,Leggings - Olive,3,27.61
O11552,2025-04-05,C1197,Leggings - Olive,3,27.61
O11553,2025-04-05,C1366,Recovery Drink Mix,1,43.46
O11553,2025-04-05,C1366,Kettlebell 20lb,3,69.17
O11554,2025-04-05,C1365,Headband Set,2,81.11
O11555,2025-04-05,C1030,Leggings - Black,2,24.59
O11556,2025-04-06,C1186,Wireless Earbuds,1,64.99
O11557,2025-04-06,C1225,Yoga Strap,1,27.43
O11558,2025-04-06,C1134,Protein Powder - Vanilla,1,42.00
O11558,2025-04-06,C1134,Yoga Strap,1,27.43
O11558,2025-04-06,C1134,Tank Top - Heather,2,36.20
O11559,2025-04-06,C1247,Yoga Strap,1,27.43
O11560,2025-04-06,C1355,Recovery Drink Mix,1,43.46
O11561,2025-04-06,C1125,Tank Top - Black,1,39.66
O11561,2025-04-06,C1125,Gym Bag - Black,1,31.61
O11561,2025-04-06,C1125,Recovery Drink Mix,1,43.46
O11562,2025-04-06,C1290,Yoga Mat - Standard,1,32.00
O11563,2025-04-06,C1075,Yoga Mat - Cork,1,78.00
O11563,2025-04-06,C1075,Yoga Strap,1,27.43
O11564,2025-04-06,C1157,Foam Roller,1,52.28
O11564,2025-04-06,C1157,Protein Powder - Vanilla,1,42.00
O11564,2025-04-06,C1157,Pre-Workout,1,22.30
O11564,2025-04-06,C1157,Gym Bag - Black,1,31.61
O11565,2025-04-07,C1075,Leggings - Black,1,24.59
O11565,2025-04-07,C1075,Sports Bra,1,69.88
O11566,2025-04-07,C1155,Yoga Mat - Cork,1,78.00
O11567,2025-04-07,C1369,Wireless Earbuds,3,64.99
O11567,2025-04-07,C1369,Phone Armband,1,18.23
O11568,2025-04-07,C1300,Tank Top - Black,2,39.66
O11568,2025-04-07,C1300,Wireless Earbuds,1,64.99
O11568,2025-04-07,C1300,Tank Top - Heather,1,36.20
O11568,2025-04-07,C1300,Leggings - Black,1,24.59
O11569,2025-04-07,C1089,Leggings - Black,1,24.59
O11569,2025-04-07,C1089,Sports Bra,1,69.88
O11570,2025-04-07,C1114,Protein Powder - Chocolate,1,42.00
O11571,2025-04-07,C1061,Tank Top - Heather,1,36.20
O11571,2025-04-07,C1061,Headband Set,2,81.11
O11572,2025-04-07,C1006,Wireless Earbuds,1,64.99
O11572,2025-04-07,C1006,Adjustable Dumbbells,1,189.00
O11572,2025-04-07,C1006,Phone Armband,1,18.23
O11573,2025-04-07,C1034,Phone Armband,2,18.23
O11574,2025-04-07,C1275,Yoga Mat - Standard,2,32.00
O11574,2025-04-07,C1275,Yoga Block (pair),1,61.78
O11574,2025-04-07,C1275,Yoga Strap,1,27.43
O11574,2025-04-07,C1275,Pre-Workout,1,22.30
O11575,2025-04-07,C1311,Workout Towel,1,92.17
O11576,2025-04-07,C1097,Yoga Block (pair),1,61.78
O11576,2025-04-07,C1097,Resistance Bands Set,1,28.15
O11576,2025-04-07,C1097,Wireless Earbuds,1,64.99
O11577,2025-04-08,C1237,Yoga Mat - Standard,1,32.00
O11578,2025-04-08,C1324,Headband Set,1,81.11
O11579,2025-04-08,C1042,Yoga Strap,1,27.43
O11579,2025-04-08,C1042,Phone Armband,1,18.23
O11580,2025-04-08,C1153,Protein Powder - Vanilla,1,42.00
O11580,2025-04-08,C1153,Pre-Workout,1,22.30
O11581,2025-04-08,C1329,Pre-Workout,1,22.30
O11582,2025-04-08,C1233,Workout Towel,1,92.17
O11582,2025-04-08,C1233,Kettlebell 20lb,1,69.17
O11582,2025-04-08,C1233,Leggings - Olive,1,27.61
O11582,2025-04-08,C1233,Protein Powder - Chocolate,1,42.00
O11583,2025-04-08,C1330,Phone Armband,1,18.23
O11584,2025-04-08,C1140,Wireless Earbuds,1,64.99
O11584,2025-04-08,C1140,Headband Set,1,81.11
O11585,2025-04-08,C1093,Tank Top - Black,1,39.66
O11585,2025-04-08,C1093,Wireless Earbuds,1,64.99
O11586,2025-04-08,C1033,BCAA Powder,2,34.86
O11586,2025-04-08,C1033,Gym Bag - Black,1,31.61
O11586,2025-04-08,C1033,Yoga Strap,1,27.43
O11587,2025-04-08,C1275,Massage Ball,1,47.52
O11587,2025-04-08,C1275,Kettlebell 20lb,1,69.17
O11587,2025-04-08,C1275,Yoga Strap,1,27.43
O11588,2025-04-08,C1163,Headband Set,1,81.11
O11588,2025-04-08,C1163,Yoga Strap,1,27.43
O11588,2025-04-08,C1163,BCAA Powder,1,34.86
O11589,2025-04-08,C1079,Massage Ball,1,47.52
O11590,2025-04-08,C1087,Protein Powder - Chocolate,1,42.00
O11590,2025-04-08,C1087,Tank Top - Black,1,39.66
O11590,2025-04-08,C1087,Headband Set,2,81.11
O11590,2025-04-08,C1087,Leggings - Olive,1,27.61
O11591,2025-04-08,C1155,Gym Bag - Black,1,31.61
O11592,2025-04-08,C1181,Tank Top - Black,1,39.66
O11592,2025-04-08,C1181,Sports Bra,1,69.88
O11592,2025-04-08,C1181,Gym Bag - Black,1,31.61
O11593,2025-04-08,C1390,Yoga Mat - Standard,1,32.00
O11593,2025-04-08,C1390,Tank Top - Heather,2,36.20
O11593,2025-04-08,C1390,Resistance Bands Set,1,28.15
O11593,2025-04-08,C1390,Kettlebell 20lb,1,69.17
O11594,2025-04-08,C1131,Tank Top - Heather,1,36.20
O11595,2025-04-08,C1218,Tank Top - Black,1,39.66
O11595,2025-04-08,C1218,Phone Armband,1,18.23
O11596,2025-04-08,C1316,Workout Towel,1,92.17
O11596,2025-04-08,C1316,Yoga Strap,1,27.43
O11597,2025-04-08,C1370,Adjustable Dumbbells,1,189.00
O11597,2025-04-08,C1370,Yoga Mat - Standard,1,32.00
O11598,2025-04-08,C1361,Workout Towel,1,92.17
O11598,2025-04-08,C1361,Protein Powder - Chocolate,1,42.00
O11599,2025-04-08,C1028,Workout Towel,1,92.17
O11599,2025-04-08,C1028,Phone Armband,2,18.23
O11600,2025-04-09,C1241,Adjustable Dumbbells,1,189.00
O11601,2025-04-09,C1396,Resistance Bands Set,1,28.15
O11601,2025-04-09,C1396,Protein Powder - Vanilla,1,42.00
O11601,2025-04-09,C1396,Foam Roller,1,52.28
O11602,2025-04-09,C1279,Workout Towel,2,92.17
O11602,2025-04-09,C1279,Phone Armband,1,18.23
O11602,2025-04-09,C1279,Wireless Earbuds,1,64.99
O11603,2025-04-09,C1394,Recovery Drink Mix,1,43.46
O11604,2025-04-09,C1160,Tank Top - Heather,1,36.20
O11604,2025-04-09,C1160,Kettlebell 20lb,1,69.17
O11604,2025-04-09,C1160,Sports Bra,1,69.88
O11604,2025-04-09,C1160,Adjustable Dumbbells,1,189.00
O11604,2025-04-09,C1160,Massage Ball,1,47.52
O11605,2025-04-09,C1360,Protein Powder - Chocolate,1,42.00
O11606,2025-04-09,C1011,Pre-Workout,1,22.30
O11607,2025-04-09,C1202,Yoga Mat - Standard,1,32.00
O11607,2025-04-09,C1202,Wireless Earbuds,1,64.99
O11608,2025-04-09,C1016,Tank Top - Black,1,39.66
O11608,2025-04-09,C1016,Phone Armband,1,18.23
O11608,2025-04-09,C1016,Headband Set,1,81.11
O11608,2025-04-09,C1016,Gym Bag - Black,1,31.61
O11608,2025-04-09,C1016,Protein Powder - Vanilla,1,42.00
O11609,2025-04-09,C1057,Wireless Earbuds,1,64.99
O11609,2025-04-09,C1057,Yoga Block (pair),1,61.78
O11610,2025-04-09,C1332,Kettlebell 20lb,2,69.17
O11610,2025-04-09,C1332,Yoga Block (pair),1,61.78
O11610,2025-04-09,C1332,BCAA Powder,2,34.86
O11610,2025-04-09,C1332,Leggings - Olive,3,27.61
O11611,2025-04-10,C1333,Foam Roller,1,52.28
O11612,2025-04-10,C1173,Kettlebell 20lb,1,69.17
O11612,2025-04-10,C1173,Recovery Drink Mix,2,43.46
O11613,2025-04-10,C1010,Gym Bag - Black,1,31.61
O11613,2025-04-10,C1010,Yoga Mat - Cork,1,78.00
O11614,2025-04-10,C1004,Leggings - Olive,1,27.61
O11615,2025-04-10,C1114,Kettlebell 20lb,1,69.17
O11615,2025-04-10,C1114,Tank Top - Black,1,39.66
O11616,2025-04-10,C1102,Protein Powder - Vanilla,1,42.00
O11616,2025-04-10,C1102,Recovery Drink Mix,1,43.46
O11616,2025-04-10,C1102,Resistance Bands Set,1,28.15
O11617,2025-04-10,C1051,Protein Powder - Chocolate,2,42.00
O11618,2025-04-10,C1020,Phone Armband,1,18.23
O11618,2025-04-10,C1020,Tank Top - Heather,1,36.20
O11618,2025-04-10,C1020,Yoga Block (pair),1,61.78
O11619,2025-04-10,C1106,Foam Roller,1,52.28
O11620,2025-04-10,C1138,Massage Ball,1,47.52
O11621,2025-04-10,C1013,Sports Bra,1,69.88
O11622,2025-04-10,C1192,Adjustable Dumbbells,2,189.00
O11623,2025-04-11,C1194,Sports Bra,1,69.88
O11624,2025-04-11,C1105,Protein Powder - Vanilla,2,42.00
O11624,2025-04-11,C1105,Yoga Block (pair),1,61.78
O11624,2025-04-11,C1105,Wireless Earbuds,1,64.99
O11625,2025-04-11,C1387,Headband Set,1,81.11
O11626,2025-04-11,C1183,Tank Top - Black,1,39.66
O11626,2025-04-11,C1183,Leggings - Olive,1,27.61
O11626,2025-04-11,C1183,Massage Ball,1,47.52
O11627,2025-04-11,C1244,Yoga Strap,2,27.43
O11628,2025-04-11,C1008,Leggings - Olive,1,27.61
O11629,2025-04-11,C1051,Gym Bag - Black,2,31.61
O11630,2025-04-11,C1222,Pre-Workout,1,22.30
O11630,2025-04-11,C1222,Gym Bag - Black,1,31.61
O11630,2025-04-11,C1222,Water Bottle 32oz,1,57.87
O11630,2025-04-11,C1222,Recovery Drink Mix,1,43.46
O11631,2025-04-11,C1140,Tank Top - Black,2,39.66
O11631,2025-04-11,C1140,Yoga Mat - Standard,1,32.00
O11631,2025-04-11,C1140,Resistance Bands Set,1,28.15
O11632,2025-04-11,C1265,Recovery Drink Mix,1,43.46
O11633,2025-04-11,C1019,Massage Ball,2,47.52
O11634,2025-04-11,C1338,Protein Powder - Chocolate,1,42.00
O11635,2025-04-11,C1080,Foam Roller,3,52.28
O11635,2025-04-11,C1080,Wireless Earbuds,1,64.99
O11636,2025-04-11,C1342,Yoga Strap,1,27.43
O11637,2025-04-12,C1254,Leggings - Black,1,24.59
O11638,2025-04-12,C1135,Yoga Mat - Cork,1,78.00
O11638,2025-04-12,C1135,Tank Top - Black,1,39.66
O11639,2025-04-12,C1376,Leggings - Olive,1,27.61
O11639,2025-04-12,C1376,Tank Top - Heather,1,36.20
O11639,2025-04-12,C1376,Adjustable Dumbbells,1,189.00
O11639,2025-04-12,C1376,Foam Roller,1,52.28
O11640,2025-04-12,C1033,Headband Set,1,81.11
O11641,2025-04-12,C1212,Phone Armband,2,18.23
O11641,2025-04-12,C1212,Sports Bra,1,69.88
O11641,2025-04-12,C1212,Resistance Bands Set,1,28.15
O11641,2025-04-12,C1212,Protein Powder - Chocolate,2,42.00
O11642,2025-04-12,C1131,BCAA Powder,1,34.86
O11643,2025-04-12,C1314,Yoga Strap,1,27.43
O11643,2025-04-12,C1314,Headband Set,2,81.11
O11644,2025-04-12,C1292,Water Bottle 32oz,1,57.87
O11645,2025-04-13,C1115,Adjustable Dumbbells,1,189.00
O11645,2025-04-13,C1115,Water Bottle 32oz,1,57.87
O11646,2025-04-13,C1127,Foam Roller,1,52.28
O11647,2025-04-13,C1154,Sports Bra,1,69.88
O11648,2025-04-13,C1266,Workout Towel,2,92.17
O11648,2025-04-13,C1266,Kettlebell 20lb,1,69.17
O11649,2025-04-13,C1191,Protein Powder - Vanilla,1,42.00
O11649,2025-04-13,C1191,Yoga Mat - Standard,1,32.00
O11650,2025-04-13,C1323,Massage Ball,3,47.52
O11651,2025-04-13,C1007,Yoga Mat - Standard,2,32.00
O11652,2025-04-13,C1121,Tank Top - Black,1,39.66
O11653,2025-04-13,C1246,Tank Top - Heather,1,36.20
O11653,2025-04-13,C1246,Massage Ball,2,47.52
O11654,2025-04-13,C1295,Massage Ball,1,47.52
O11654,2025-04-13,C1295,Sports Bra,1,69.88
O11655,2025-04-13,C1060,Pre-Workout,2,22.30
O11655,2025-04-13,C1060,Kettlebell 20lb,1,69.17
O11655,2025-04-13,C1060,Wireless Earbuds,2,64.99
O11656,2025-04-13,C1130,Headband Set,1,81.11
O11657,2025-04-14,C1339,Tank Top - Black,1,39.66
O11658,2025-04-14,C1134,Tank Top - Heather,1,36.20
O11659,2025-04-14,C1013,Resistance Bands Set,1,28.15
O11659,2025-04-14,C1013,Workout Towel,1,92.17
O11659,2025-04-14,C1013,Yoga Strap,3,27.43
O11659,2025-04-14,C1013,Gym Bag - Black,1,31.61
O11659,2025-04-14,C1013,Foam Roller,2,52.28
O11660,2025-04-14,C1258,Wireless Earbuds,1,64.99
O11661,2025-04-14,C1348,Yoga Mat - Cork,1,78.00
O11662,2025-04-14,C1381,Protein Powder - Chocolate,1,42.00
O11663,2025-04-14,C1288,Wireless Earbuds,1,64.99
O11663,2025-04-14,C1288,Headband Set,1,81.11
O11663,2025-04-14,C1288,Recovery Drink Mix,1,43.46
O11664,2025-04-14,C1325,Protein Powder - Chocolate,1,42.00
O11664,2025-04-14,C1325,Pre-Workout,3,22.30
O11665,2025-04-14,C1217,Workout Towel,1,92.17
O11665,2025-04-14,C1217,Yoga Mat - Standard,1,32.00
O11665,2025-04-14,C1217,Leggings - Black,1,24.59
O11665,2025-04-14,C1217,Gym Bag - Black,1,31.61
O11666,2025-04-14,C1164,Gym Bag - Black,1,31.61
O11667,2025-04-14,C1128,BCAA Powder,2,34.86
O11667,2025-04-14,C1128,Gym Bag - Black,1,31.61
O11667,2025-04-14,C1128,Massage Ball,3,47.52
O11668,2025-04-14,C1030,Resistance Bands Set,1,28.15
O11668,2025-04-14,C1030,Foam Roller,1,52.28
O11668,2025-04-14,C1030,Water Bottle 32oz,1,57.87
O11669,2025-04-14,C1302,Tank Top - Heather,1,36.20
O11670,2025-04-14,C1141,Leggings - Black,1,24.59
O11671,2025-04-14,C1378,BCAA Powder,1,34.86
O11671,2025-04-14,C1378,Resistance Bands Set,1,28.15
O11672,2025-04-14,C1141,Yoga Mat - Cork,1,78.00
O11672,2025-04-14,C1141,Wireless Earbuds,1,64.99
O11672,2025-04-14,C1141,Yoga Block (pair),1,61.78
O11673,2025-04-14,C1224,Yoga Strap,1,27.43
O11674,2025-04-14,C1312,Yoga Block (pair),2,61.78
O11674,2025-04-14,C1312,Kettlebell 20lb,1,69.17
O11675,2025-04-14,C1139,Yoga Mat - Standard,2,32.00
O11675,2025-04-14,C1139,Yoga Strap,1,27.43
O11675,2025-04-14,C1139,Yoga Block (pair),1,61.78
O11675,2025-04-14,C1139,Foam Roller,1,52.28
O11676,2025-04-14,C1115,Yoga Block (pair),1,61.78
O11676,2025-04-14,C1115,Adjustable Dumbbells,1,189.00
O11677,2025-04-14,C1185,BCAA Powder,1,34.86
O11678,2025-04-14,C1359,Leggings - Olive,1,27.61
O11678,2025-04-14,C1359,Sports Bra,1,69.88
O11678,2025-04-14,C1359,Workout Towel,1,92.17
O11678,2025-04-14,C1359,Adjustable Dumbbells,1,189.00
O11678,2025-04-14,C1359,Tank Top - Heather,1,36.20
O11679,2025-04-15,C1051,Headband Set,1,81.11
O11679,2025-04-15,C1051,Water Bottle 32oz,1,57.87
O11679,2025-04-15,C1051,Protein Powder - Vanilla,1,42.00
O11680,2025-04-15,C1053,Recovery Drink Mix,1,43.46
O11680,2025-04-15,C1053,Headband Set,1,81.11
O11680,2025-04-15,C1053,Phone Armband,2,18.23
O11680,2025-04-15,C1053,Protein Powder - Chocolate,1,42.00
O11680,2025-04-15,C1053,Protein Powder - Vanilla,1,42.00
O11681,2025-04-15,C1302,Pre-Workout,1,22.30
O11681,2025-04-15,C1302,Yoga Strap,3,27.43
O11681,2025-04-15,C1302,Protein Powder - Vanilla,1,42.00
O11682,2025-04-15,C1297,Protein Powder - Chocolate,1,42.00
O11682,2025-04-15,C1297,BCAA Powder,1,34.86
O11683,2025-04-15,C1331,Sports Bra,1,69.88
O11683,2025-04-15,C1331,Protein Powder - Vanilla,1,42.00
O11683,2025-04-15,C1331,Wireless Earbuds,2,64.99
O11684,2025-04-15,C1381,BCAA Powder,1,34.86
O11684,2025-04-15,C1381,Yoga Mat - Cork,1,78.00
O11684,2025-04-15,C1381,Massage Ball,2,47.52
O11685,2025-04-15,C1050,Leggings - Olive,2,27.61
O11686,2025-04-15,C1373,Workout Towel,2,92.17
O11686,2025-04-15,C1373,Tank Top - Heather,1,36.20
O11687,2025-04-16,C1141,Yoga Mat - Standard,1,32.00
O11687,2025-04-16,C1141,Yoga Strap,1,27.43
O11688,2025-04-16,C1285,Phone Armband,1,18.23
O11688,2025-04-16,C1285,Pre-Workout,1,22.30
O11688,2025-04-16,C1285,Tank Top - Black,1,39.66
O11689,2025-04-16,C1088,Yoga Block (pair),1,61.78
O11689,2025-04-16,C1088,Tank Top - Black,1,39.66
O11689,2025-04-16,C1088,Tank Top - Heather,2,36.20
O11690,2025-04-16,C1116,Gym Bag - Black,1,31.61
O11691,2025-04-16,C1369,Leggings - Black,1,24.59
O11692,2025-04-16,C1254,Kettlebell 20lb,1,69.17
O11692,2025-04-16,C1254,Leggings - Black,2,24.59
O11693,2025-04-16,C1248,Sports Bra,2,69.88
O11694,2025-04-16,C1386,Foam Roller,1,52.28
O11695,2025-04-16,C1057,Gym Bag - Black,2,31.61
O11696,2025-04-16,C1358,Gym Bag - Black,1,31.61
O11696,2025-04-16,C1358,Kettlebell 20lb,1,69.17
O11697,2025-04-16,C1316,Massage Ball,1,47.52
O11697,2025-04-16,C1316,Yoga Block (pair),1,61.78
O11698,2025-04-16,C1339,Workout Towel,1,92.17
O11698,2025-04-16,C1339,Resistance Bands Set,1,28.15
O11699,2025-04-16,C1203,Leggings - Black,1,24.59
O11700,2025-04-16,C1376,Gym Bag - Black,3,31.61
O11700,2025-04-16,C1376,Protein Powder - Chocolate,1,42.00
O11700,2025-04-16,C1376,Protein Powder - Vanilla,1,42.00
O11701,2025-04-16,C1020,Resistance Bands Set,1,28.15
O11702,2025-04-17,C1013,Recovery Drink Mix,1,43.46
O11702,2025-04-17,C1013,Water Bottle 32oz,1,57.87
O11703,2025-04-17,C1331,Resistance Bands Set,1,28.15
O11703,2025-04-17,C1331,Foam Roller,1,52.28
O11703,2025-04-17,C1331,Protein Powder - Chocolate,1,42.00
O11704,2025-04-17,C1290,Foam Roller,2,52.28
O11705,2025-04-17,C1297,Protein Powder - Vanilla,2,42.00
O11706,2025-04-17,C1198,Recovery Drink Mix,1,43.46
O11706,2025-04-17,C1198,Tank Top - Heather,1,36.20
O11706,2025-04-17,C1198,Workout Towel,2,92.17
O11707,2025-04-17,C1120,Tank Top - Heather,1,36.20
O11708,2025-04-17,C1354,Recovery Drink Mix,1,43.46
O11709,2025-04-17,C1275,Yoga Strap,1,27.43
O11709,2025-04-17,C1275,Wireless Earbuds,1,64.99
O11710,2025-04-17,C1053,Protein Powder - Chocolate,3,42.00
O11710,2025-04-17,C1053,BCAA Powder,2,34.86
O11710,2025-04-17,C1053,Pre-Workout,1,22.30
O11711,2025-04-17,C1137,Yoga Mat - Standard,1,32.00
O11711,2025-04-17,C1137,Yoga Strap,1,27.43
O11712,2025-04-17,C1087,Sports Bra,1,69.88
O11713,2025-04-17,C1029,Headband Set,1,81.11
O11713,2025-04-17,C1029,Recovery Drink Mix,1,43.46
O11713,2025-04-17,C1029,Resistance Bands Set,1,28.15
O11713,2025-04-17,C1029,Yoga Block (pair),1,61.78
O11714,2025-04-17,C1372,Protein Powder - Chocolate,1,42.00
O11715,2025-04-17,C1360,Resistance Bands Set,1,28.15
O11715,2025-04-17,C1360,Massage Ball,1,47.52
O11715,2025-04-17,C1360,Gym Bag - Black,1,31.61
O11716,2025-04-17,C1291,Wireless Earbuds,1,64.99
O11716,2025-04-17,C1291,Resistance Bands Set,2,28.15
O11716,2025-04-17,C1291,BCAA Powder,3,34.86
O11717,2025-04-17,C1027,Tank Top - Heather,1,36.20
O11717,2025-04-17,C1027,Protein Powder - Vanilla,1,42.00
O11717,2025-04-17,C1027,Yoga Strap,1,27.43
O11718,2025-04-18,C1373,Massage Ball,1,47.52
O11719,2025-04-18,C1307,Foam Roller,1,52.28
O11719,2025-04-18,C1307,Yoga Mat - Cork,1,78.00
O11720,2025-04-18,C1061,Yoga Strap,2,27.43
O11721,2025-04-18,C1293,BCAA Powder,1,34.86
O11721,2025-04-18,C1293,Leggings - Black,1,24.59
O11721,2025-04-18,C1293,Leggings - Olive,2,27.61
O11722,2025-04-18,C1093,Tank Top - Heather,1,36.20
O11723,2025-04-18,C1220,Headband Set,1,81.11
O11723,2025-04-18,C1220,Yoga Block (pair),1,61.78
O11723,2025-04-18,C1220,Foam Roller,3,52.28
O11723,2025-04-18,C1220,Workout Towel,1,92.17
O11724,2025-04-18,C1173,Yoga Strap,1,27.43
O11724,2025-04-18,C1173,Wireless Earbuds,2,64.99
O11725,2025-04-18,C1031,Yoga Mat - Standard,1,32.00
O11725,2025-04-18,C1031,Yoga Strap,2,27.43
O11725,2025-04-18,C1031,Yoga Block (pair),3,61.78
O11725,2025-04-18,C1031,Leggings - Black,1,24.59
O11725,2025-04-18,C1031,Protein Powder - Vanilla,1,42.00
O11726,2025-04-18,C1093,Tank Top - Heather,2,36.20
O11726,2025-04-18,C1093,Yoga Strap,2,27.43
O11727,2025-04-18,C1307,Foam Roller,2,52.28
O11728,2025-04-18,C1361,Kettlebell 20lb,1,69.17
O11728,2025-04-18,C1361,Foam Roller,2,52.28
O11728,2025-04-18,C1361,Wireless Earbuds,1,64.99
O11729,2025-04-18,C1019,Yoga Strap,1,27.43
O11729,2025-04-18,C1019,Gym Bag - Black,1,31.61
O11730,2025-04-18,C1265,Yoga Strap,1,27.43
O11731,2025-04-18,C1308,Protein Powder - Chocolate,2,42.00
O11732,2025-04-18,C1232,Phone Armband,1,18.23
O11732,2025-04-18,C1232,Leggings - Black,1,24.59
O11732,2025-04-18,C1232,Sports Bra,1,69.88
O11732,2025-04-18,C1232,Yoga Strap,1,27.43
O11733,2025-04-18,C1251,Leggings - Black,1,24.59
O11734,2025-04-18,C1030,Headband Set,2,81.11
O11734,2025-04-18,C1030,BCAA Powder,1,34.86
O11734,2025-04-18,C1030,Recovery Drink Mix,1,43.46
O11734,2025-04-18,C1030,Kettlebell 20lb,1,69.17
O11735,2025-04-18,C1164,Protein Powder - Vanilla,1,42.00
O11735,2025-04-18,C1164,Phone Armband,1,18.23
O11735,2025-04-18,C1164,Kettlebell 20lb,1,69.17
O11735,2025-04-18,C1164,Massage Ball,1,47.52
O11736,2025-04-18,C1320,Leggings - Olive,1,27.61
O11736,2025-04-18,C1320,Tank Top - Heather,1,36.20
O11737,2025-04-18,C1287,Leggings - Black,1,24.59
O11737,2025-04-18,C1287,Tank Top - Black,1,39.66
O11738,2025-04-18,C1270,Massage Ball,2,47.52
O11738,2025-04-18,C1270,Yoga Block (pair),1,61.78
O11738,2025-04-18,C1270,Gym Bag - Black,1,31.61
O11739,2025-04-19,C1328,Yoga Mat - Standard,1,32.00
O11740,2025-04-19,C1024,Leggings - Black,1,24.59
O11740,2025-04-19,C1024,Sports Bra,1,69.88
O11740,2025-04-19,C1024,BCAA Powder,1,34.86
O11740,2025-04-19,C1024,Adjustable Dumbbells,1,189.00
O11740,2025-04-19,C1024,Foam Roller,1,52.28
O11741,2025-04-19,C1095,Recovery Drink Mix,1,43.46
O11741,2025-04-19,C1095,Tank Top - Black,1,39.66
O11741,2025-04-19,C1095,Yoga Block (pair),1,61.78
O11742,2025-04-19,C1007,Leggings - Black,1,24.59
O11743,2025-04-19,C1352,Gym Bag - Black,1,31.61
O11744,2025-04-19,C1123,Tank Top - Black,3,39.66
O11744,2025-04-19,C1123,Foam Roller,2,52.28
O11745,2025-04-19,C1190,Leggings - Black,1,24.59
O11745,2025-04-19,C1190,Sports Bra,1,69.88
O11745,2025-04-19,C1190,Protein Powder - Chocolate,2,42.00
O11745,2025-04-19,C1190,Leggings - Olive,1,27.61
O11746,2025-04-19,C1334,Workout Towel,1,92.17
O11746,2025-04-19,C1334,Leggings - Olive,2,27.61
O11746,2025-04-19,C1334,Recovery Drink Mix,1,43.46
O11747,2025-04-19,C1097,Headband Set,1,81.11
O11747,2025-04-19,C1097,Workout Towel,1,92.17
O11747,2025-04-19,C1097,Protein Powder - Chocolate,1,42.00
O11748,2025-04-19,C1392,BCAA Powder,1,34.86
O11748,2025-04-19,C1392,Recovery Drink Mix,1,43.46
O11749,2025-04-19,C1059,Headband Set,1,81.11
O11750,2025-04-19,C1274,Adjustable Dumbbells,1,189.00
O11751,2025-04-19,C1348,Recovery Drink Mix,1,43.46
O11751,2025-04-19,C1348,Leggings - Black,1,24.59
O11751,2025-04-19,C1348,Gym Bag - Black,1,31.61
O11752,2025-04-20,C1389,Massage Ball,3,47.52
O11753,2025-04-20,C1284,Massage Ball,3,47.52
O11753,2025-04-20,C1284,Resistance Bands Set,1,28.15
O11753,2025-04-20,C1284,Wireless Earbuds,1,64.99
O11754,2025-04-20,C1117,Leggings - Black,1,24.59
O11755,2025-04-20,C1390,Yoga Block (pair),1,61.78
O11755,2025-04-20,C1390,Water Bottle 32oz,1,57.87
O11756,2025-04-20,C1378,Protein Powder - Chocolate,1,42.00
O11757,2025-04-20,C1339,Kettlebell 20lb,1,69.17
O11757,2025-04-20,C1339,Massage Ball,1,47.52
O11758,2025-04-20,C1007,Tank Top - Black,1,39.66
O11758,2025-04-20,C1007,Workout Towel,2,92.17
O11758,2025-04-20,C1007,Foam Roller,1,52.28
O11758,2025-04-20,C1007,Tank Top - Heather,1,36.20
O11759,2025-04-20,C1149,Water Bottle 32oz,1,57.87
O11759,2025-04-20,C1149,Foam Roller,1,52.28
O11760,2025-04-20,C1369,Sports Bra,2,69.88
O11760,2025-04-20,C1369,Yoga Block (pair),1,61.78
O11761,2025-04-20,C1147,Resistance Bands Set,1,28.15
O11761,2025-04-20,C1147,Tank Top - Black,1,39.66
O11762,2025-04-20,C1209,Yoga Mat - Cork,1,78.00
O11762,2025-04-20,C1209,Foam Roller,1,52.28
O11763,2025-04-21,C1073,BCAA Powder,1,34.86
O11763,2025-04-21,C1073,Water Bottle 32oz,1,57.87
O11763,2025-04-21,C1073,Yoga Mat - Cork,1,78.00
O11763,2025-04-21,C1073,Leggings - Black,1,24.59
O11764,2025-04-21,C1114,Yoga Mat - Standard,2,32.00
O11764,2025-04-21,C1114,Yoga Block (pair),1,61.78
O11764,2025-04-21,C1114,Yoga Strap,1,27.43
O11765,2025-04-21,C1315,Adjustable Dumbbells,1,189.00
O11766,2025-04-21,C1251,Tank Top - Heather,1,36.20
O11766,2025-04-21,C1251,Pre-Workout,2,22.30
O11767,2025-04-21,C1078,Tank Top - Heather,1,36.20
O11767,2025-04-21,C1078,Water Bottle 32oz,1,57.87
O11768,2025-04-21,C1089,Leggings - Black,1,24.59
O11768,2025-04-21,C1089,Foam Roller,2,52.28
O11768,2025-04-21,C1089,Sports Bra,2,69.88
O11768,2025-04-21,C1089,Tank Top - Black,3,39.66
O11769,2025-04-21,C1064,Tank Top - Heather,1,36.20
O11769,2025-04-21,C1064,Massage Ball,1,47.52
O11769,2025-04-21,C1064,Leggings - Black,1,24.59
O11770,2025-04-21,C1227,Sports Bra,1,69.88
O11770,2025-04-21,C1227,Tank Top - Heather,1,36.20
O11770,2025-04-21,C1227,Tank Top - Black,1,39.66
O11770,2025-04-21,C1227,BCAA Powder,1,34.86
O11771,2025-04-21,C1097,Adjustable Dumbbells,1,189.00
O11771,2025-04-21,C1097,Protein Powder - Chocolate,1,42.00
O11772,2025-04-22,C1191,Massage Ball,1,47.52
O11772,2025-04-22,C1191,Leggings - Black,1,24.59
O11773,2025-04-22,C1333,Kettlebell 20lb,1,69.17
O11773,2025-04-22,C1333,Protein Powder - Chocolate,1,42.00
O11774,2025-04-22,C1172,Foam Roller,1,52.28
O11774,2025-04-22,C1172,BCAA Powder,1,34.86
O11775,2025-04-22,C1092,Yoga Mat - Cork,1,78.00
O11775,2025-04-22,C1092,Leggings - Black,1,24.59
O11775,2025-04-22,C1092,Foam Roller,1,52.28
O11775,2025-04-22,C1092,Workout Towel,1,92.17
O11776,2025-04-22,C1101,Tank Top - Black,1,39.66
O11777,2025-04-22,C1378,Headband Set,1,81.11
O11778,2025-04-22,C1390,Adjustable Dumbbells,1,189.00
O11778,2025-04-22,C1390,Yoga Mat - Standard,1,32.00
O11779,2025-04-22,C1043,Yoga Mat - Standard,1,32.00
O11780,2025-04-22,C1046,Tank Top - Heather,1,36.20
O11781,2025-04-22,C1077,Gym Bag - Black,1,31.61
O11781,2025-04-22,C1077,Yoga Block (pair),2,61.78
O11781,2025-04-22,C1077,Tank Top - Heather,1,36.20
O11781,2025-04-22,C1077,Protein Powder - Chocolate,1,42.00
O11781,2025-04-22,C1077,Tank Top - Black,1,39.66
O11782,2025-04-22,C1051,Foam Roller,1,52.28
O11782,2025-04-22,C1051,Resistance Bands Set,1,28.15
O11783,2025-04-22,C1316,Phone Armband,1,18.23
O11784,2025-04-22,C1358,Recovery Drink Mix,2,43.46
O11784,2025-04-22,C1358,Water Bottle 32oz,1,57.87
O11784,2025-04-22,C1358,Yoga Strap,1,27.43
O11784,2025-04-22,C1358,BCAA Powder,2,34.86
O11784,2025-04-22,C1358,Resistance Bands Set,1,28.15
O11785,2025-04-22,C1244,Yoga Mat - Cork,1,78.00
O11786,2025-04-22,C1185,Protein Powder - Vanilla,1,42.00
O11786,2025-04-22,C1185,Sports Bra,1,69.88
O11786,2025-04-22,C1185,Headband Set,1,81.11
O11787,2025-04-22,C1189,Resistance Bands Set,1,28.15
O11788,2025-04-22,C1346,Resistance Bands Set,1,28.15
O11789,2025-04-22,C1342,Pre-Workout,1,22.30
O11790,2025-04-22,C1364,Yoga Block (pair),3,61.78
O11790,2025-04-22,C1364,Tank Top - Heather,1,36.20
O11790,2025-04-22,C1364,Protein Powder - Chocolate,1,42.00
O11791,2025-04-22,C1302,Foam Roller,2,52.28
O11791,2025-04-22,C1302,Tank Top - Heather,1,36.20
O11792,2025-04-22,C1143,Yoga Mat - Cork,1,78.00
O11792,2025-04-22,C1143,Yoga Block (pair),1,61.78
O11792,2025-04-22,C1143,Yoga Strap,3,27.43
O11792,2025-04-22,C1143,Workout Towel,1,92.17
O11792,2025-04-22,C1143,Leggings - Olive,1,27.61
O11793,2025-04-23,C1282,Protein Powder - Chocolate,1,42.00
O11794,2025-04-23,C1293,Leggings - Black,1,24.59
O11795,2025-04-23,C1240,Yoga Mat - Standard,1,32.00
O11796,2025-04-23,C1138,Tank Top - Black,2,39.66
O11796,2025-04-23,C1138,Tank Top - Heather,2,36.20
O11797,2025-04-23,C1217,Tank Top - Black,2,39.66
O11797,2025-04-23,C1217,Resistance Bands Set,1,28.15
O11798,2025-04-23,C1282,Gym Bag - Black,1,31.61
O11799,2025-04-23,C1230,Yoga Block (pair),2,61.78
O11799,2025-04-23,C1230,BCAA Powder,1,34.86
O11799,2025-04-23,C1230,Tank Top - Black,1,39.66
O11799,2025-04-23,C1230,Wireless Earbuds,1,64.99
O11800,2025-04-23,C1124,Tank Top - Heather,1,36.20
O11801,2025-04-23,C1292,Kettlebell 20lb,1,69.17
O11801,2025-04-23,C1292,Yoga Block (pair),1,61.78
O11802,2025-04-23,C1174,Protein Powder - Chocolate,1,42.00
O11802,2025-04-23,C1174,BCAA Powder,1,34.86
O11802,2025-04-23,C1174,Tank Top - Black,1,39.66
O11802,2025-04-23,C1174,Yoga Strap,2,27.43
O11803,2025-04-23,C1041,Recovery Drink Mix,3,43.46
O11804,2025-04-23,C1001,BCAA Powder,1,34.86
O11804,2025-04-23,C1001,Water Bottle 32oz,1,57.87
O11805,2025-04-23,C1198,Wireless Earbuds,1,64.99
O11806,2025-04-23,C1101,Headband Set,1,81.11
O11806,2025-04-23,C1101,Protein Powder - Chocolate,1,42.00
O11806,2025-04-23,C1101,Recovery Drink Mix,1,43.46
O11807,2025-04-23,C1031,Wireless Earbuds,3,64.99
O11807,2025-04-23,C1031,Phone Armband,1,18.23
O11808,2025-04-23,C1277,Massage Ball,1,47.52
O11808,2025-04-23,C1277,Recovery Drink Mix,1,43.46
O11809,2025-04-23,C1096,Tank Top - Black,1,39.66
O11810,2025-04-23,C1116,Pre-Workout,2,22.30
O11811,2025-04-24,C1307,Pre-Workout,1,22.30
O11811,2025-04-24,C1307,Gym Bag - Black,1,31.61
O11812,2025-04-24,C1176,Wireless Earbuds,1,64.99
O11812,2025-04-24,C1176,Headband Set,1,81.11
O11812,2025-04-24,C1176,Phone Armband,1,18.23
O11813,2025-04-24,C1375,Kettlebell 20lb,2,69.17
O11814,2025-04-24,C1040,Recovery Drink Mix,1,43.46
O11814,2025-04-24,C1040,Sports Bra,1,69.88
O11815,2025-04-24,C1045,Kettlebell 20lb,2,69.17
O11816,2025-04-24,C1185,Protein Powder - Chocolate,1,42.00
O11816,2025-04-24,C1185,Yoga Block (pair),1,61.78
O11817,2025-04-24,C1163,Adjustable Dumbbells,1,189.00
O11817,2025-04-24,C1163,Tank Top - Heather,1,36.20
O11818,2025-04-24,C1160,Adjustable Dumbbells,1,189.00
O11818,2025-04-24,C1160,Workout Towel,1,92.17
O11819,2025-04-24,C1238,Tank Top - Black,1,39.66
O11819,2025-04-24,C1238,Leggings - Black,1,24.59
O11819,2025-04-24,C1238,Sports Bra,1,69.88
O11820,2025-04-24,C1214,Resistance Bands Set,1,28.15
O11820,2025-04-24,C1214,Leggings - Black,1,24.59
O11820,2025-04-24,C1214,Pre-Workout,1,22.30
O11820,2025-04-24,C1214,Workout Towel,1,92.17
O11821,2025-04-24,C1303,Massage Ball,1,47.52
O11821,2025-04-24,C1303,Yoga Strap,1,27.43
O11821,2025-04-24,C1303,Yoga Mat - Cork,1,78.00
O11821,2025-04-24,C1303,Leggings - Black,1,24.59
O11822,2025-04-24,C1081,Phone Armband,1,18.23
O11823,2025-04-24,C1097,Adjustable Dumbbells,2,189.00
O11823,2025-04-24,C1097,Water Bottle 32oz,1,57.87
O11824,2025-04-24,C1340,Yoga Strap,1,27.43
O11825,2025-04-24,C1165,Protein Powder - Chocolate,2,42.00
O11825,2025-04-24,C1165,Pre-Workout,1,22.30
O11825,2025-04-24,C1165,Headband Set,1,81.11
O11826,2025-04-24,C1157,Tank Top - Black,1,39.66
O11826,2025-04-24,C1157,Pre-Workout,1,22.30
O11827,2025-04-24,C1313,Resistance Bands Set,1,28.15
O11828,2025-04-25,C1371,Recovery Drink Mix,2,43.46
O11829,2025-04-25,C1189,Headband Set,1,81.11
O11829,2025-04-25,C1189,Yoga Block (pair),1,61.78
O11830,2025-04-25,C1126,Tank Top - Black,1,39.66
O11831,2025-04-25,C1160,Headband Set,1,81.11
O11831,2025-04-25,C1160,Workout Towel,1,92.17
O11832,2025-04-25,C1169,Resistance Bands Set,1,28.15
O11832,2025-04-25,C1169,Pre-Workout,2,22.30
O11833,2025-04-25,C1362,Water Bottle 32oz,1,57.87
O11834,2025-04-25,C1240,Tank Top - Black,1,39.66
O11834,2025-04-25,C1240,Wireless Earbuds,1,64.99
O11834,2025-04-25,C1240,Yoga Strap,1,27.43
O11834,2025-04-25,C1240,Leggings - Black,1,24.59
O11835,2025-04-25,C1308,Adjustable Dumbbells,1,189.00
O11835,2025-04-25,C1308,Water Bottle 32oz,1,57.87
O11835,2025-04-25,C1308,Workout Towel,1,92.17
O11836,2025-04-25,C1242,Pre-Workout,1,22.30
O11837,2025-04-25,C1182,Headband Set,1,81.11
O11837,2025-04-25,C1182,Phone Armband,3,18.23
O11837,2025-04-25,C1182,Resistance Bands Set,1,28.15
O11838,2025-04-25,C1160,Phone Armband,2,18.23
O11838,2025-04-25,C1160,Massage Ball,1,47.52
O11839,2025-04-25,C1305,Gym Bag - Black,1,31.61
O11839,2025-04-25,C1305,Adjustable Dumbbells,2,189.00
O11840,2025-04-25,C1268,Gym Bag - Black,1,31.61
O11840,2025-04-25,C1268,Water Bottle 32oz,2,57.87
O11840,2025-04-25,C1268,Leggings - Black,1,24.59
O11841,2025-04-25,C1133,Gym Bag - Black,1,31.61
O11842,2025-04-25,C1333,Leggings - Olive,1,27.61
O11842,2025-04-25,C1333,Tank Top - Heather,3,36.20
O11843,2025-04-25,C1228,Phone Armband,1,18.23
O11843,2025-04-25,C1228,Foam Roller,1,52.28
O11844,2025-04-25,C1055,Sports Bra,1,69.88
O11844,2025-04-25,C1055,Workout Towel,1,92.17
O11844,2025-04-25,C1055,Massage Ball,1,47.52
O11844,2025-04-25,C1055,Recovery Drink Mix,1,43.46
O11845,2025-04-25,C1008,Tank Top - Black,1,39.66
O11846,2025-04-26,C1072,Adjustable Dumbbells,1,189.00
O11847,2025-04-26,C1013,Pre-Workout,1,22.30
O11847,2025-04-26,C1013,Tank Top - Black,1,39.66
O11848,2025-04-26,C1389,Gym Bag - Black,1,31.61
O11849,2025-04-26,C1387,Wireless Earbuds,1,64.99
O11849,2025-04-26,C1387,Phone Armband,2,18.23
O11850,2025-04-26,C1071,Wireless Earbuds,1,64.99
O11851,2025-04-26,C1365,Kettlebell 20lb,1,69.17
O11852,2025-04-26,C1182,Leggings - Olive,1,27.61
O11853,2025-04-26,C1035,Phone Armband,1,18.23
O11853,2025-04-26,C1035,Yoga Mat - Standard,1,32.00
O11854,2025-04-26,C1202,Phone Armband,2,18.23
O11854,2025-04-26,C1202,Yoga Block (pair),1,61.78
O11855,2025-04-26,C1059,Workout Towel,1,92.17
O11855,2025-04-26,C1059,Water Bottle 32oz,1,57.87
O11856,2025-04-26,C1012,Recovery Drink Mix,1,43.46
O11857,2025-04-26,C1021,Kettlebell 20lb,1,69.17
O11858,2025-04-26,C1078,Resistance Bands Set,1,28.15
O11858,2025-04-26,C1078,Tank Top - Black,1,39.66
O11858,2025-04-26,C1078,Workout Towel,1,92.17
O11858,2025-04-26,C1078,Foam Roller,1,52.28
O11858,2025-04-26,C1078,BCAA Powder,1,34.86
O11859,2025-04-26,C1117,Yoga Mat - Cork,1,78.00
O11859,2025-04-26,C1117,Yoga Block (pair),1,61.78
O11860,2025-04-26,C1084,Resistance Bands Set,1,28.15
O11861,2025-04-26,C1321,Gym Bag - Black,1,31.61
O11861,2025-04-26,C1321,Workout Towel,1,92.17
O11861,2025-04-26,C1321,Phone Armband,2,18.23
O11862,2025-04-26,C1386,Tank Top - Black,1,39.66
O11862,2025-04-26,C1386,Massage Ball,1,47.52
O11863,2025-04-26,C1061,Sports Bra,1,69.88
O11863,2025-04-26,C1061,Yoga Mat - Cork,3,78.00
O11864,2025-04-26,C1343,Leggings - Black,1,24.59
O11864,2025-04-26,C1343,Sports Bra,2,69.88
O11865,2025-04-27,C1102,Adjustable Dumbbells,2,189.00
O11865,2025-04-27,C1102,Recovery Drink Mix,1,43.46
O11865,2025-04-27,C1102,Protein Powder - Vanilla,1,42.00
O11866,2025-04-27,C1320,Workout Towel,1,92.17
O11867,2025-04-27,C1012,Massage Ball,2,47.52
O11868,2025-04-27,C1170,Adjustable Dumbbells,1,189.00
O11869,2025-04-27,C1167,Leggings - Black,2,24.59
O11869,2025-04-27,C1167,Foam Roller,1,52.28
O11870,2025-04-27,C1305,BCAA Powder,2,34.86
O11871,2025-04-27,C1127,Yoga Strap,2,27.43
O11872,2025-04-27,C1015,Yoga Mat - Cork,1,78.00
O11873,2025-04-27,C1195,Foam Roller,1,52.28
O11873,2025-04-27,C1195,Yoga Strap,1,27.43
O11873,2025-04-27,C1195,Yoga Mat - Standard,3,32.00
O11874,2025-04-27,C1379,Yoga Block (pair),1,61.78
O11874,2025-04-27,C1379,Workout Towel,1,92.17
O11874,2025-04-27,C1379,Leggings - Olive,2,27.61
O11874,2025-04-27,C1379,Pre-Workout,1,22.30
O11875,2025-04-27,C1134,Massage Ball,2,47.52
O11875,2025-04-27,C1134,Yoga Strap,1,27.43
O11876,2025-04-27,C1349,Headband Set,1,81.11
O11876,2025-04-27,C1349,Foam Roller,1,52.28
O11876,2025-04-27,C1349,Yoga Mat - Cork,1,78.00
O11877,2025-04-27,C1296,Workout Towel,1,92.17
O11878,2025-04-27,C1288,Adjustable Dumbbells,1,189.00
O11878,2025-04-27,C1288,Massage Ball,1,47.52
O11879,2025-04-28,C1019,Sports Bra,1,69.88
O11879,2025-04-28,C1019,Leggings - Olive,1,27.61
O11880,2025-04-28,C1022,Kettlebell 20lb,1,69.17
O11880,2025-04-28,C1022,Workout Towel,1,92.17
O11881,2025-04-28,C1103,Yoga Mat - Cork,2,78.00
O11881,2025-04-28,C1103,Massage Ball,3,47.52
O11881,2025-04-28,C1103,Yoga Strap,1,27.43
O11882,2025-04-28,C1288,Leggings - Olive,1,27.61
O11882,2025-04-28,C1288,Recovery Drink Mix,1,43.46
O11882,2025-04-28,C1288,Sports Bra,1,69.88
O11883,2025-04-28,C1045,Sports Bra,1,69.88
O11883,2025-04-28,C1045,Headband Set,1,81.11
O11884,2025-04-28,C1190,Phone Armband,1,18.23
O11884,2025-04-28,C1190,Resistance Bands Set,1,28.15
O11884,2025-04-28,C1190,Tank Top - Black,1,39.66
O11885,2025-04-28,C1205,Tank Top - Heather,1,36.20
O11886,2025-04-28,C1075,Kettlebell 20lb,1,69.17
O11886,2025-04-28,C1075,Headband Set,1,81.11
O11886,2025-04-28,C1075,BCAA Powder,1,34.86
O11887,2025-04-29,C1070,Tank Top - Heather,1,36.20
O11888,2025-04-29,C1230,BCAA Powder,1,34.86
O11888,2025-04-29,C1230,Foam Roller,2,52.28
O11888,2025-04-29,C1230,Yoga Mat - Standard,3,32.00
O11889,2025-04-29,C1074,Phone Armband,2,18.23
O11889,2025-04-29,C1074,Pre-Workout,1,22.30
O11890,2025-04-29,C1293,Massage Ball,2,47.52
O11891,2025-04-29,C1202,Leggings - Olive,2,27.61
O11892,2025-04-29,C1256,Wireless Earbuds,1,64.99
O11892,2025-04-29,C1256,Phone Armband,1,18.23
O11893,2025-04-29,C1084,BCAA Powder,1,34.86
O11893,2025-04-29,C1084,Recovery Drink Mix,1,43.46
O11893,2025-04-29,C1084,Tank Top - Black,2,39.66
O11894,2025-04-29,C1191,Leggings - Black,1,24.59
O11895,2025-04-29,C1179,Recovery Drink Mix,1,43.46
O11895,2025-04-29,C1179,Kettlebell 20lb,1,69.17
O11895,2025-04-29,C1179,Yoga Strap,1,27.43
O11896,2025-04-29,C1355,Massage Ball,1,47.52
O11896,2025-04-29,C1355,Recovery Drink Mix,1,43.46
O11896,2025-04-29,C1355,Yoga Mat - Cork,2,78.00
O11896,2025-04-29,C1355,Wireless Earbuds,1,64.99
O11897,2025-04-29,C1156,Leggings - Black,1,24.59
O11898,2025-04-29,C1107,Yoga Strap,1,27.43
O11898,2025-04-29,C1107,Massage Ball,1,47.52
O11899,2025-04-29,C1061,Kettlebell 20lb,1,69.17
O11900,2025-04-29,C1034,Yoga Strap,1,27.43
O11901,2025-04-29,C1183,Yoga Mat - Cork,1,78.00
O11901,2025-04-29,C1183,Gym Bag - Black,1,31.61
O11902,2025-04-29,C1155,Protein Powder - Vanilla,1,42.00
O11902,2025-04-29,C1155,Pre-Workout,1,22.30
O11903,2025-04-30,C1016,Tank Top - Heather,1,36.20
O11903,2025-04-30,C1016,Yoga Mat - Cork,1,78.00
O11904,2025-04-30,C1196,Kettlebell 20lb,1,69.17
O11904,2025-04-30,C1196,Yoga Strap,1,27.43
O11904,2025-04-30,C1196,Leggings - Olive,1,27.61
O11905,2025-04-30,C1350,Yoga Mat - Cork,1,78.00
O11905,2025-04-30,C1350,Yoga Strap,1,27.43
O11906,2025-04-30,C1129,Yoga Block (pair),1,61.78
O11906,2025-04-30,C1129,Water Bottle 32oz,1,57.87
O11907,2025-04-30,C1048,Adjustable Dumbbells,1,189.00
O11907,2025-04-30,C1048,Water Bottle 32oz,1,57.87
O11908,2025-04-30,C1397,Sports Bra,1,69.88
O11908,2025-04-30,C1397,Massage Ball,1,47.52
O11908,2025-04-30,C1397,Protein Powder - Chocolate,1,42.00
O11909,2025-04-30,C1345,Wireless Earbuds,2,64.99
O11909,2025-04-30,C1345,Phone Armband,1,18.23
O11909,2025-04-30,C1345,Headband Set,1,81.11
O11910,2025-04-30,C1129,Recovery Drink Mix,1,43.46
O11910,2025-04-30,C1129,Wireless Earbuds,2,64.99
O11911,2025-04-30,C1150,Yoga Mat - Standard,1,32.00
O11911,2025-04-30,C1150,Yoga Strap,1,27.43
O11911,2025-04-30,C1150,Yoga Block (pair),1,61.78
O11912,2025-04-30,C1397,Pre-Workout,1,22.30
O11912,2025-04-30,C1397,Foam Roller,1,52.28
O11912,2025-04-30,C1397,Kettlebell 20lb,1,69.17
O11913,2025-04-30,C1349,Headband Set,1,81.11
O11913,2025-04-30,C1349,Water Bottle 32oz,2,57.87
O11914,2025-04-30,C1059,Resistance Bands Set,1,28.15
O11915,2025-04-30,C1309,Sports Bra,1,69.88
O11915,2025-04-30,C1309,Headband Set,1,81.11
O11916,2025-04-30,C1010,Recovery Drink Mix,1,43.46
O11916,2025-04-30,C1010,Tank Top - Heather,1,36.20
O11916,2025-04-30,C1010,Pre-Workout,1,22.30
O11917,2025-04-30,C1223,Leggings - Olive,1,27.61
O11917,2025-04-30,C1223,Sports Bra,2,69.88
O11918,2025-04-30,C1183,Wireless Earbuds,1,64.99
O11918,2025-04-30,C1183,Resistance Bands Set,1,28.15
O11919,2025-04-30,C1292,Massage Ball,1,47.52
O11920,2025-04-30,C1279,Workout Towel,1,92.17
O11921,2025-04-30,C1336,Leggings - Olive,1,27.61
O11922,2025-04-30,C1020,Resistance Bands Set,1,28.15
O11923,2025-04-30,C1382,Yoga Mat - Cork,1,78.00
O11923,2025-04-30,C1382,Workout Towel,1,92.17
O11923,2025-04-30,C1382,Yoga Strap,1,27.43
O11924,2025-04-30,C1155,Resistance Bands Set,1,28.15
O11924,2025-04-30,C1155,Foam Roller,1,52.28
O11924,2025-04-30,C1155,Massage Ball,1,47.52
O11924,2025-04-30,C1155,Workout Towel,1,92.17
O11925,2025-04-30,C1321,Yoga Block (pair),1,61.78
O11925,2025-04-30,C1321,Resistance Bands Set,2,28.15
